author,text,published_at,likes
@guardiannews,John Lewis ad kickstarts Christmas countdown to the tune of 90s club classic â–º https://www.theguardian.com/media/2025/nov/04/john-lewis-christmas-advert-countdown-90s-club-classic-where-love-lives,2025-11-04T09:21:26Z,40
@Gary-s9r6x,So he hugged his son after years just because he was bought a record i hug my son every day.,2025-11-15T01:01:56Z,0
@Jess-qy6pm,Was a black singer!!!!!,2025-11-14T22:30:54Z,0
@hopeack12345,â¤â¤â¤â¤ Came here after watching the diabolical m&s advert,2025-11-14T22:23:44Z,0
@LessMarxMoreMises,"Worst Christmas ad in history! Was it written by AI?! Forced sentimentality, weird, parody-like cringe fest! It's as if they said ""Right, what sums up a British Christmas?... A middle-aged, Labour-voting dad  doing TikTok-level Dad Dancing at a rave he absolutely should not be at!""",2025-11-14T21:01:06Z,0
@rosson1983,Excellent advert. As usual JL blows the other retailers out of the water.,2025-11-14T19:24:21Z,0
@jackieplatts4359,"Oh this is lovely and, yes, Iâ€™m crying ğŸ¥¹",2025-11-14T17:38:26Z,0
@m535i,"Well done to all those who put this amazing John Lewis advert together. Absolutely nailed it. Can't believe the emotions & tears that have come over me. I'd do anything for one last hug with my dad, but sadly he's gone. Lets hope this advert brings families closer together again.",2025-11-14T16:18:35Z,0
@juliabroadley8411,Beautiful ğŸ˜¢â¤,2025-11-14T14:40:39Z,0
@666kismett,Another disappointing Christmas advert,2025-11-14T12:44:17Z,0
@engerland3239,Old skoolers â¤ï¸ â¤,2025-11-14T10:45:24Z,0
@desertofthereal4062,Where is this advert made for? Canâ€™t be the UK itâ€™s brilliant âœŒï¸,2025-11-14T07:19:43Z,0
@nonsense168,And a piano house track,2025-11-14T07:18:57Z,0
@BlazeNero,"Finally, a White British family lol",2025-11-14T00:22:50Z,2
@nanookmoose,Nice to see a Christmas advert representing 82% of England and Wales for a change.,2025-11-13T23:17:04Z,0
@Josephdrfsharpe,Great advert!,2025-11-13T22:57:25Z,0
@Peter-mw3wj,This is their best Christmas advert and you know they had it large on NYE,2025-11-13T21:57:23Z,0
@Danny-vx1wc,"Well done John Lewis, we all needed this. Normal family, normal history, normal Christmas  normal message. Final feels like a Christmas ad we can all relate to.",2025-11-13T21:51:09Z,0
@tylerpearce9610,Brings me tears tbh I can relate to this 100%,2025-11-13T20:43:35Z,0
@tylerpearce9610,They never miss,2025-11-13T20:42:39Z,0
@btkjay9749,My father's idea of bonding was smashing an ashtray across my face and hoofing me down the stairs. Happy days.,2025-11-13T17:38:29Z,0
@KarimaMane-e9s,Eeeee loved the music didnâ€™t cry tho shame wanted to feel,2025-11-13T17:15:42Z,0
@ltrott83,"Best John Lewis Ad in years, if not ever!",2025-11-13T17:03:15Z,1
@wkdsush,Cringe ğŸ˜‚,2025-11-13T16:55:17Z,0
@JustinPugsley,"What a great ad - very sentimental, but positive. Just right for Christmas!",2025-11-13T16:24:07Z,0
@s.n.852,"Anyone  knows  name of the song ( second  part  of the  song ,male vocal )?",2025-11-13T16:00:37Z,0
@DamienCharlesworth85,"Amazing track, never thought I would hear that on a Xmas Ad ever.

Well done on an amazing advert John Lewis!",2025-11-13T11:48:31Z,0
@yudit4208,"So simple, made me cry",2025-11-13T11:35:28Z,0
@ExploringwithAustinandThomas,"I consider myself very lucky that I'm have a close relationship with my son, we share our love of Exploring, 90s music , video games, but yep he does sometimes wear the big headphones and complains when he has to tidy up but that's Teenagers ğŸ™‚",2025-11-13T09:59:34Z,1
@SuperTorres76,The worst christmas advert i have ever seen,2025-11-13T08:29:13Z,0
@christopherhoward5959,Great advert,2025-11-13T07:27:06Z,0
@3500P5,"Started off mega cheesy, then it got me ğŸ˜¢",2025-11-13T06:29:11Z,0
@cotchingg,"Finally, something without an agenda, brung a tear to my eye",2025-11-12T20:52:24Z,1
@astrabelmont,53 year-old with a five year-old who saves my life every single day.  Need I say more.,2025-11-12T20:09:41Z,2
@judygreggor612,"This is what a Christmas advert should look like, should represent.  Love, Dads, Sons, Mothers, daughters, family.  â™¥â™¥",2025-11-12T17:54:18Z,7
@sashal7812,ğŸ¥ºğŸ¥ºğŸ¥ºğŸ¥ºğŸ¥ºğŸ¥ºğŸ¥ºğŸ¥ºğŸ¥º,2025-11-12T17:53:47Z,1
@Nigelwheeler-fz3is,I do not care about what any adverts message is.  I have 2 separate 12 inch copies of that track in my collection. hopefully the value goes up and i make a few quid. Santa has come early.,2025-11-12T15:23:15Z,0
@cinammondream,Oh no I voted through this one as well,2025-11-12T13:28:58Z,0
@BorderBookshop,I'm not crying,2025-11-12T13:19:29Z,1
@NeilYoung-hh7ne,Thank you JL.  Men needed this.,2025-11-12T11:39:28Z,0
@russellthompson9271,I'm in tears ğŸ˜¢ beautiful advert,2025-11-12T09:53:15Z,0
@MusicProducerinPrague,"wow I no longer live in the UK but its the first advert that has really hit me hard, that was amazing! PR finally doing what they should do! Brilliant!!!",2025-11-12T09:04:27Z,1
@the45boxs79,Music aside That kid looks petrified of his dad like he's done something wrong,2025-11-12T08:53:09Z,3
@stephaniebennett9123,John Lewis donâ€™t sell records ğŸ˜,2025-11-12T06:13:03Z,0
@selwyn581,"What a beautiful video.  Well done John Lewis, you made me cry ğŸ¥¹",2025-11-12T04:15:10Z,0
@LookinAtStars,"Thank you for portraying autism in a positive light.
Too many of us are still excluded.
ğŸ«‚â¤ï¸",2025-11-12T02:06:16Z,0
@sammyw6687,"Manchesterâ€¦early 90â€™s, the Hacienda, the House and Garage music scene, United started winning everythingâ€¦the city was alive. . Great memories well played John Lewis",2025-11-11T20:09:53Z,0
@SuperChilliJam,Why did he only just find it though?,2025-11-11T20:08:09Z,0
@mickdavidson6688,Tuuuunnnne!!,2025-11-11T19:51:32Z,0
@gazzhumbly5433,This advert is even better that it triggers the wokesters,2025-11-11T19:19:44Z,1
@Senorzilchnzero,I guess Im the only one that sees this ad as nothing more than a manipulation of your mind for consumerism. Ahhhhh this makes me feel sad..its from John Lewis...I guess ill go and shop from their store...Are we so deep into this psychosis as a species that we cant even comprehend that a group of people got hired to make an ad not because they care or because its holidays but because they need to make more money this season. And all you sheep fell for it.,2025-11-11T16:53:01Z,1
@jamsward1966,Love the artwork in the house,2025-11-11T16:49:51Z,0
@glosza,wholesome,2025-11-11T16:25:07Z,0
@joselebeer,Great advert. Caught the dynamic between me and my son perfectly.,2025-11-11T15:54:09Z,3
@edm5166,90s 4 Life â¤,2025-11-11T08:14:26Z,0
@michelecull3261,"Yes its a shame that these relationships with parents/dads happen in the first place isnt it, it takes so much more than a sentimental record in an advert  to fix all that pain though. So much more. ğŸ™ğŸ•ŠğŸ™",2025-11-11T07:37:28Z,0
@beemac79,Your boy's never too old for a hug,2025-11-11T07:23:20Z,1
@richardvines2423,Nailed it,2025-11-11T00:08:55Z,0
@Gazeroo71,Superb â¤,2025-11-10T23:46:07Z,0
@GManie88,"To be honest, I thought the son was coming out. Nearly a normal ad asides dad crying over some bull",2025-11-10T23:00:14Z,0
@gemmahartley7592,Made me cry,2025-11-10T22:41:47Z,0
@JackCODYTeGod,Finally a white family representation,2025-11-10T21:16:50Z,0
@ionsi120,I loved this. Beautiful.,2025-11-10T20:58:33Z,0
@dranuragroy2072,"Sometimes the smallest gift carries the biggest truth that love never really leaves, it just finds new ways to be heard.",2025-11-10T20:44:47Z,0
@irenequick5642,I love this add moved me to tears well done guys,2025-11-10T20:07:23Z,0
@josims1863,Its a lovely advert but its not Christmas xx,2025-11-10T18:42:32Z,0
@fridayscoldone4096,"Amazing ad....
Son sees who dad was....dad sees who his son is!!!!",2025-11-10T18:12:30Z,0
@antonfarqua,"Tears fill my eyes and a warmth fills my heart every time I see thisâ¤
Raver till i die",2025-11-10T17:41:45Z,0
@Build-On560,People are crying over ts ğŸ™ğŸ¥€,2025-11-10T16:27:18Z,0
@JacClarke,Beautiful,2025-11-10T15:41:04Z,0
@warrenbut1455,Bring back snapper or edgar or moshi just my opinion,2025-11-10T15:36:20Z,0
@laughtercise,"Have fun in your youth, dance, get lost in the moment - youâ€™ll probably meet someone magical while doing so - and then fatherhood will (should) yank you away from adolescence, but take that fun and dancing into fatherhood and get lost in the moment ğŸ’™

A thing of absolute beauty ğŸ’™ Well done John Lewis and Saathci & Saatchi, as a father it had me in tears.",2025-11-10T14:44:20Z,1
@JamesRussell-wv7hs,Looks like someone watched Aftersun not long before the big John Lewis Christmas Advert brainstorm meeting,2025-11-10T14:20:29Z,0
@artinphotos9996,"I'm 59 with a son who just turned 33. He's still my little boy, there are no words when it comes to saying how much I love him, we are really closeğŸ˜Š",2025-11-10T13:45:38Z,0
@obscurum6,Normalises poor communication in males and thus enables poor mental health in men.,2025-11-10T12:56:01Z,0
@rickdeckard4213,"Christmas a time of joy and happiness, but this ad is totally depressing. ğŸ‘ğŸ»",2025-11-10T11:59:17Z,0
@ryanastley4789,The world is healing,2025-11-10T09:52:21Z,0
@matconsume9487,They didnâ€™t play this a the raves I went to â€¦â€¦. Plastic,2025-11-10T09:30:56Z,0
@dipsk88,"A real Xmas advert again! 
No forcing narratives or dei down our throats... Just a great heartfelt moment",2025-11-10T08:56:56Z,0
@billymabum3514,Iâ€™m surprised weâ€™re still allowed Christmas adverts,2025-11-10T07:55:01Z,0
@YCpowerT,I just became a father a few months ago and this broke me,2025-11-10T01:55:04Z,0
@emmadeal1105,Cudda chose a better tuneğŸ‰,2025-11-10T00:50:28Z,0
@knowlescity,A white family in 2025???,2025-11-10T00:48:24Z,0
@InspiredGuesswork,"46yo dad with a 16yo son. Been collecting records since 1994. Son now collects records, too. Can you see where Iâ€™m going with this? In bits every time I watch this.",2025-11-10T00:11:49Z,0
@jayd4ever,Representing uk for once,2025-11-09T23:15:08Z,0
@pogwart,Nice one ğŸ‘,2025-11-09T23:05:16Z,0
@Daveukfix,"Thank you JL, for this quiet nod. I nod back; and promise to shop with you. â¤",2025-11-09T22:57:10Z,0
@adambooth1981,The antidote to the final scene in Adolescence. Love it.,2025-11-09T22:40:06Z,0
@elizabethstanly1402,Super ğŸ‘ŒğŸ‘â¤ï¸,2025-11-09T21:48:12Z,0
@Videoholic.2598,Beautiful,2025-11-09T21:14:33Z,1
@phaywood5883,Nailed it John Lewis.,2025-11-09T21:08:02Z,0
@leroythompson8942,Old skool assemble ğŸ˜‚,2025-11-09T21:00:10Z,0
@vvwalker7261,"JL nailed it, what an advert!",2025-11-09T20:59:16Z,0
@HeyBugguLuggs,"A lovely advert - resonates with so many families with teenagers, particularly teenage boys â¤ï¸â€ğŸ©¹ğŸ‘Œ",2025-11-09T20:55:17Z,0
@Kongwarthunder,My mum sent this to me what does this mean ğŸ’”âœŒï¸,2025-11-09T20:37:20Z,0
@4th_Lensman_of_the_Apocalypse,"I dont understand, where are all the brown people?",2025-11-09T19:55:46Z,1
@alexazzola8342,My dad and I bonded over how terrible this advert is and how much we HATE it,2025-11-09T19:17:01Z,0
@neilharrison147,"That sone is not from 1991, more 1996  1997 when dance came commercial and overground , I was dancing to it then!",2025-11-09T17:51:28Z,0
@laimonpalkim3940,My one of favourite 90s dance classics songâ¤â¤â¤,2025-11-09T17:46:41Z,0
@insertnamehere5809,I'm just shocked to see white people in a commercial that's positive ğŸ¤¯,2025-11-09T17:46:21Z,0
@barleyarrish,More power to you JL,2025-11-09T16:27:53Z,0
@jimmycricket7385,Let me play on your emotions to get your money.  John Lewis.,2025-11-09T16:10:23Z,0
@TheStalec,Adolescence 2,2025-11-09T16:06:24Z,0
@Choochoo535,Absolutely love this advert,2025-11-09T14:56:42Z,0
@alexanderoddy4916,Iâ€™m not cryingâ€¦..your crying,2025-11-09T14:55:03Z,0
@glenstanley7947,Better than last year's pathetic effort! â¤,2025-11-09T14:33:35Z,0
@M9Diry,In real life : a middle class family wouldnâ€™t allow the opening of a present without everyone sitting round the tree and watching the reactions,2025-11-09T14:02:14Z,0
@stcrispin,Merry Christmas JL ğŸ„ğŸ…,2025-11-09T12:54:11Z,0
@ElliottCarter209,Which version of this song is this? I absolutely love it,2025-11-09T12:50:11Z,0
@jonathanford-f8c,"Amazing advert and well done for recognising dads. Not always easy but as a 45 year old with two and growing up early to mid 90s with the dance tunes, this really hit home. Powerful stuff â¤",2025-11-09T12:25:51Z,0
@juliearnold6249,"OMG, This is the best.",2025-11-09T12:16:10Z,0
@mrsdungeyevans,"Is it me who doesn't get it or is it just as it looks... A man who had a stop his clubbing days to become a parent? Isn't that what everyone did?

 Im reading comments about losing a son and people crying...

Am I just being really thick and not getting the hidden message?",2025-11-09T12:13:21Z,1
@TerryNicholas-g3i,"Another so-called Christmas advert that omits to mention Christmas, rumours of woke's death are greatly exaggerated.",2025-11-09T11:53:45Z,0
@joshcoote6912,Love it,2025-11-09T11:46:59Z,1
@DonB-dv2bc,I'm not crying ğŸ˜­ this advert reminded me so much of my late Dad and my younger brother â¤ï¸ well done John Lewis ğŸ‘,2025-11-09T11:43:00Z,0
@colinjessimer1150,Beautiful moment. Love always lives,2025-11-09T11:39:56Z,0
@pPod1231,"Wellâ€¦ thatâ€™sâ€¦ just kicked me in the feelsâ€¦. ğŸ˜¢
Thatâ€™s enough internet for today",2025-11-09T11:31:34Z,0
@elle5266,The Nineties were just everything.. I miss that era so much,2025-11-09T11:17:47Z,0
@JayGall-jw2fw,Cheers. Im crying now,2025-11-09T10:58:15Z,0
@clairfoster211,This had me crying. You could just feel the memories and emotions. It was so lovelyâ¤,2025-11-09T10:45:11Z,0
@robkotla3642,We need more advertising like this . ğŸ˜¢,2025-11-09T10:41:57Z,0
@mrsK1620,Worst one yet so disappointed,2025-11-09T10:35:16Z,0
@nopenope3512,A white family in 2025????,2025-11-09T09:57:49Z,0
@nettyfullwood7898,Wonderfulâ¤,2025-11-09T09:55:39Z,0
@markwild3864,"Reality sets in after watching this advert and itâ€™s true 
Thank you John Lewis â¤â¤",2025-11-09T09:49:04Z,0
@MrBottomrung,Have the left lost their minds. A father and son recognition of love whatever next?,2025-11-09T09:35:52Z,0
@chrislittle2797,Great ad. Charlotte Wells should be contacting her lawyers though.,2025-11-09T09:21:23Z,0
@Kate28889,Watching adverts to watch an advert. Wild.,2025-11-09T09:11:05Z,0
@sonicboove4865,I showed this to my wife but had to walk out to hide the tears. Great ad.,2025-11-09T09:05:52Z,0
@ThepigandThemonkey,Complete rip off of After Sun,2025-11-09T08:39:58Z,0
@007redmist,Love this. A traditional normal white family.ğŸ«¶ğŸ‘ğŸ‘,2025-11-09T08:28:52Z,0
@Flo-xl7zv,Merry Christmas Dad,2025-11-09T08:28:23Z,1
@Flo-xl7zv,Excellent,2025-11-09T08:27:48Z,1
@WKartist,Beautifully composed and speaks volumes in a world which is so uncertain today. This actually made me cry â¤,2025-11-09T08:26:06Z,2
@Macluci,What a fantastic advert .. no words needed â¤â¤,2025-11-09T07:42:57Z,1
@Harker777,"I've seen many ads that set out to pull at the heartstrings with bigger themes but this one is so simple  and understated, yet packs the bigger punch. Brilliant!",2025-11-09T07:04:01Z,0
@olexiisokolov,"The era of cool Christmas ads from Lewis, which everyone was looking forward to, is over.",2025-11-09T03:01:35Z,0
@olexiisokolov,Is that all? (,2025-11-09T02:58:02Z,0
@lynnm4664,Big mike i get what you are saying. I lost my son barely 3 years ago after just losing my wonderful husband. It's horrible. My heart goes out to you. Never be easy Mike but my thoughts will be with you. Lynn â¤,2025-11-09T02:28:04Z,0
@lynnm4664,That  John Lewis advert is absolutely rubbish. No one likes it. The worst they have ever done. Is that for real. A joke. ğŸ˜‚ğŸ˜‚ğŸ˜‚,2025-11-09T02:24:00Z,0
@jonbrown7519,thanx john lewis i cried as i remembered my lost son and the years we had,2025-11-09T01:17:50Z,2
@gmarthews,I think its lovely!,2025-11-08T23:43:49Z,0
@scouser19a,Love it â¤,2025-11-08T22:55:29Z,0
@TheSisi45,"Best one theyâ€™ve done in years. More emotional for those
Who never had the dad figure in your life.",2025-11-08T22:52:18Z,0
@danielholtom7777,I'm doing my christmas shopping at John Lewis this year.,2025-11-08T21:53:11Z,2
@jaystercutie2012,Must be nice to have a family and dad ğŸ˜¢ğŸ˜¢ğŸ˜¢,2025-11-08T21:49:47Z,0
@kiem-tang,1000,2025-11-08T21:45:19Z,0
@carlrowland3757,The guardian hates this so much ğŸ˜‚ğŸ˜‚,2025-11-08T21:02:55Z,0
@calebomand2475,very poor advert nothing christmassy about this John Lewis going downhill fast postive masculinity this isnt politics,2025-11-08T20:48:29Z,0
@planthousecheshire,"Finally, an advert that represents me and my culture, Who would have thought it in 2025. John Lewis has my back..",2025-11-08T20:09:01Z,16
@mix1alan861,Beautiful â¤ğŸ‰,2025-11-08T19:30:34Z,0
@tonynairne9003,Iâ€™m not crying. I think someone is cutting onions.,2025-11-08T18:27:03Z,0
@AH-yl5fe,"Great stuff. No box ticking or pandering, just a great British Christmas scene and message",2025-11-08T17:17:49Z,17
@vpmartini,"Absolutely stunning, it stopped me in my tracks and made me cry. Beautiful advert John Lewis. ğŸ¥²â¤ï¸",2025-11-08T16:57:18Z,4
@MrHinoj,â¤â¤â¤â¤â¤,2025-11-08T15:58:46Z,0
@nameandbadgenumbernow,This is a fabulous ad - on SO many levels - such an ANTIDOTE for so many of us - thanks John Lewis - you'll get some of my cash this year.,2025-11-08T15:40:40Z,0
@Stoney1of1,Where were the doves ğŸ•Š ğŸ˜‰,2025-11-08T15:27:32Z,0
@jaydegriffiths3210,This is such a let down from lilly Allens video ğŸ˜‚,2025-11-08T14:12:52Z,0
@LiamGaughan-p6r,Absolutely brilliant,2025-11-08T12:58:27Z,0
@risingstorm4239,Nailed. It ğŸ‘ğŸ‡¬ğŸ‡§,2025-11-08T12:31:48Z,0
@MrBaddom,Sensational Advert!,2025-11-08T12:12:18Z,0
@dcdx8966,John Lewis standing up for dads like me. 99% of us love our kids just as much as Mum. I love this,2025-11-08T11:18:35Z,5
@58Sirron91,Beautiful. Pure. Christmas,2025-11-08T11:11:38Z,0
@ellahaynes33,Tripeâ€¦and make it ğŸŒ±. Waiting for KevinğŸ‰,2025-11-08T10:06:46Z,0
@Sean-o2h5f,The only thing that outrages me about this ad is that they didn't wait until 1st December to show it. It is November. It is too early for xmas adds!,2025-11-08T09:40:54Z,1
@gaynor1721,Not the best.,2025-11-08T08:39:15Z,1
@glenhodl5861,At last - somewhere I can still shop morally- well done John Lewis ğŸ‰ğŸ‰ğŸ‰ğŸ‰â¤â¤â¤â¤â¤â¤,2025-11-08T08:35:17Z,0
@entity8019,Had they swapped the track out for Toytown.....,2025-11-08T08:14:34Z,0
@TheCaptain64,"I kind of love this advert but it chokes me up at the same time . I had the best dad in the world bar none, not perfect but as close as you could get . Bought him an album By the four seasons in xmass1975  and this advert is so like that day 50yrs ago . Lost dad when he was just 42 in 1985 of cancer . I'm the dad of 4 daughters and 4 grandsons now, still miss dad but this advert really does make me feel like he is close to me still. At 61 now life has gone full circle here's to the next 61yrs and thank John Lewis well done you really scored a goal with this years advert . Ive watched 3 dozens times already .",2025-11-08T06:04:05Z,0
@Kitcatsnz,"Love this advert, not enjoyed a advert for about 15 years",2025-11-08T03:05:32Z,0
@monty2005,"Love this advert. 
The wokies hate itğŸ˜‚",2025-11-08T01:28:22Z,0
@stephb8193,ğŸ’œğŸ’œğŸ’œğŸ’œğŸ‡®ğŸ‡ª,2025-11-08T01:19:42Z,0
@KlingonVinylGamerYT,at last a real advert  no wokeness just family values,2025-11-08T01:12:23Z,0
@MrSiharry,"Oh my, this is gonna chime with every 90s clubbing dad throughout the land",2025-11-07T22:12:46Z,1
@chrisbadby6515,NAILED IT SPEAKS VOLUMES,2025-11-07T21:55:49Z,0
@harryali9672,"Amazing, Amazing advert ğŸ™ŒğŸ¾",2025-11-07T21:55:01Z,0
@nikkinoo47,Wow love it â¤,2025-11-07T21:14:21Z,0
@Rickyj82,"Is this the avert , very poor not christmasy at all who comes up with this nonsense",2025-11-07T21:08:33Z,1
@gjohn1383,"While looking at photos of my son when he was 3 the other day I said to my wife I'd love that little boy to run into the room and jump up for a cuddle again. He's now 23, finished uni and heading to Japan next week to start his first job, so yes I filled up  watching thisğŸ˜¢",2025-11-07T21:03:02Z,3
@anamusicaycine,Wonderful!,2025-11-07T21:02:39Z,0
@djliamgeddes,Powerful! ğŸ¥² love the house music reference too,2025-11-07T19:58:48Z,0
@nayb87,We are back ğŸ´ó §ó ¢ó ¥ó ®ó §ó ¿,2025-11-07T19:56:56Z,0
@ozikeri,Ohhh that hit the spot. Can tell I'm a daddy as I made a happy tear.,2025-11-07T19:29:31Z,0
@Blakeyonthebus-h3d3n,Best Christmas advert for years,2025-11-07T18:57:39Z,0
@deanrobson5560,ğŸ˜®,2025-11-07T18:39:53Z,0
@susanjennifer161,What a great adğŸ‰great memories we were lucky iykykğŸ˜‚,2025-11-07T18:34:35Z,0
@Gerry-r5t,Finally an Ad that does not feature ethnics and alphabets,2025-11-07T18:34:15Z,1
@TheStubertos,This 2 minute advert has more emotional depth than 90% of million dollar Hollywood films.,2025-11-07T18:28:28Z,38
@cannedham86,"As a single Dad to a near teenage son, this closely relates to me!
It seems society  likes to stick its fingers up at at us blokes at times.  I have felt that way a lot of times  since i seperated from my ex.  
This advert is briillant. Thanks John Lewis!",2025-11-07T18:18:51Z,0
@SebDJ,Can't find the words? Share a couple of Garrys this Christmas.,2025-11-07T17:47:02Z,0
@susanbrook2309,Weird,2025-11-07T17:09:53Z,0
@richardlongmore9301,Well done,2025-11-07T16:33:49Z,1
@neildaniels5512,Rubbish  gets worse every year,2025-11-07T16:19:30Z,1
@fluxant,No doctors or engineers in it ğŸ˜Š,2025-11-07T16:16:59Z,3
@suzukipurple,Yes adverts need to show the real meaning of celebration. Family time.  Tear jerker,2025-11-07T15:44:23Z,1
@Thedarkknight2244,Nice to see it wasnt something over the top that would exploit your emotions. like the son was a ghost or something. Just simple a wholesome,2025-11-07T15:38:20Z,1
@Ianrday7777,"Well done, John Lewis and thank you",2025-11-07T15:29:24Z,1
@V4DER,"Beautiful, just beautiful.

ğŸ‘ğŸ‘",2025-11-07T15:24:27Z,1
@W42PZ,What's the world coming to? Utter âœŠğŸŒŠ,2025-11-07T15:03:21Z,0
@Sabonan,Best one yet,2025-11-07T14:56:09Z,1
@gillianhilton9223,Why did I choose at work to watch this for the first time?????  ğŸ¥²,2025-11-07T14:26:13Z,0
@kennyg-bestlifecycling,Amazing ! And no box ticking haters trolling ! Well done JL,2025-11-07T13:54:33Z,1
@moon83star30,"I have always said that music is a time capsule. This ad really encapsulates this. This is such a beautiful ad. â¤â¤
And as a parent, this is how you see your children. You see every stage in a glimpse. My father would tell me this and it wasn't till I became a parent that I finally really understood it.",2025-11-07T13:48:19Z,0
@sergeivalev1942,Wonder what that R.I.P. Jaguar marketing people would think of it.,2025-11-07T12:59:13Z,0
@AaAa-je5eo,ğŸ¤®,2025-11-07T12:35:01Z,0
@staceyd7986,I LOVE THIS â¤â¤â¤â¤ actually made me tear up! And what a classic tune!!!!,2025-11-07T12:34:37Z,0
@mariehamilton3308,Brilliant â¤,2025-11-07T12:18:34Z,0
@futerko108,That dad was born middle aged - if he heard some proper techno heâ€™d probably soil himself!,2025-11-07T11:52:09Z,0
@Sedditious777,"Well done John Lewis. ğŸ‘ŒğŸ»ğŸ‡¬ğŸ‡§ğŸ‡¬ğŸ‡§ğŸ‡¬ğŸ‡§ğŸ‡¬ğŸ‡§ğŸ‡¬ğŸ‡§ğŸ‡¬ğŸ‡§ 
And if youâ€™re â€œoffended by this advertâ€ go look in the mirror",2025-11-07T11:25:24Z,0
@alexyeo6632,Aftersun lawsuit incoming?,2025-11-07T11:19:56Z,0
@lordconnormaunson8761,Worst one ever ğŸ˜³,2025-11-07T11:17:33Z,1
@Randydangler,So you buy a record and dance with your son and it gets you out of doing the clearing up.ğŸ˜‚ğŸ˜‚,2025-11-07T10:58:26Z,0
@TMEstuff,I love this. It has the feels that I can't remember any other recent JL Christmas ad having.,2025-11-07T10:58:12Z,1
@b.dangerfield6499,Niceâ€¦.. congrats to the whole teamâ€¦ and Merry Xmas,2025-11-07T10:52:55Z,2
@Conflictofinterest902,"Great advert, and just shows how much we crave that kind of thing because itâ€™s hit everyone so hard emotionally. 
It really is crazy that this kind of message is no longer the norm.,

Well done John Lewis for being the first to bring it back. 
It SHOULDNT be brave. But it is.",2025-11-07T10:46:37Z,6
@viewer92759,Bring back traditional Britain. ğŸ‡¬ğŸ‡§â¤,2025-11-07T10:43:03Z,0
@Compo1976,Wow.. How make a grown up cry xx,2025-11-07T10:40:50Z,4
@gjmagoga,Congratulations! The best Christinaâ€™s TV advertising I ever seeing! ğŸ’–ğŸ’–ğŸ’–THANK YOU,2025-11-07T09:59:13Z,2
@steveroberts9757,"Wow, a brilliant advert; so great to see the relationship between a man and his son shown in a positive light. Not what we expect these days. Well done John Lewis. ğŸ‘",2025-11-07T09:57:33Z,4
@angelabrooke5059,"And a Caucasian man too. You know those awful people who invented penicillin, the railway engine, the sewage system etc and who created some of the most beautiful music and art we will ever have among other things...",2025-11-07T09:50:52Z,2
@dezhull3311,Awesome video,2025-11-07T09:49:37Z,0
@ianbowden4587,Such a breath of fresh air..... Love the sentiment and representation of this ad.,2025-11-07T09:36:41Z,0
@robertallinson7347,"Is this the latest fashion ad, or have you come to your senses!",2025-11-07T09:31:35Z,0
@Osiris9216,Yet the guardian calls it outdated.,2025-11-07T09:26:03Z,1
@samlaw9938,Masterpiece,2025-11-07T09:11:35Z,1
@ÎœÎ±ÏÎ¯Î½Î¿Ï‚Î¤-Î¼4Ï,â¤,2025-11-07T08:57:11Z,0
@drunkfuzz1414,â¤,2025-11-07T08:42:50Z,0
@Ben7560,Brilliant,2025-11-07T08:34:32Z,0
@TubbyMTB,"Iâ€™ve never really been an emotional type of guy, I didnâ€™t even shed a tear watching Watership Down as a child. But this advert, jeez, makes me choke every time I watch it!",2025-11-07T08:33:08Z,1
@dozadeyoutube6035,Brought me to tears,2025-11-07T08:30:28Z,0
@dozadeyoutube6035,Lovely wholesome ad â¤â¤â¤,2025-11-07T08:29:15Z,1
@kristiangreen8586,"Love this, merry Christmas well done John Lewis",2025-11-07T08:20:36Z,1
@HappyGlamGirl,Love this beautiful â¤,2025-11-07T07:57:53Z,1
@malimacsen,Cringe. Yawn. And who murders the song at the end?? ğŸ˜‚ğŸ˜‚ğŸ˜‚,2025-11-07T07:57:21Z,2
@derekwhittle2158,It really resonates with me this one. As a dad thatâ€™s age with a son a little bit older weâ€™ve not seen eye to eye in ten years. ( nothing bad just teenage coming age stuff and me also getting into my fifties). As heâ€™s got older the last few weeks I see him as 24 year old man rather than the toddler he was or the petulant teenager messing up his exams.  The record is poignant as heâ€™s been helping me do his sisters house up next door to a dj from the most famous rave club in the world  x,2025-11-07T07:42:02Z,5
@redbullseye2670,Great advertâ€¦ you got it spot on,2025-11-07T07:40:37Z,1
@harrymcghee9386,Excellent â€˜back into the real worldâ€™10 out of 10 .brillantâ€™,2025-11-07T07:39:28Z,1
@jensweetbaby,I love it!! Finally normality!,2025-11-07T07:29:33Z,0
@PatrickMcgarrity-i4m,What have I just watched ğŸ¤£ğŸ¤£,2025-11-07T07:05:56Z,0
@benporter8153,Boycott M&S for having that gross thing Dawn French on their advert! Everyone shop in Waitrose!!! ğŸ‰ğŸ‰,2025-11-07T07:03:02Z,1
@mark77woody,"I'm not crying, you're cryingğŸ˜¢ğŸ˜‚",2025-11-07T07:02:21Z,0
@notfortoast4565,"That one choked me up, very relatable ğŸ¥º",2025-11-07T06:52:06Z,0
@Chris-ue2cr,"Just wow,  amazing thank you John Lewis",2025-11-07T04:05:21Z,0
@tetsuoshima7385,Is the father deaf?,2025-11-07T03:29:50Z,0
@tetsuoshima7385,A rip-off of scenes from the film â€˜Aftersunâ€™.ğŸ§,2025-11-07T03:25:46Z,0
@twigletz7384,All these positive comments are quite a rebuttal to the sneery review Stuart Heritage drummed up for the Guardian.,2025-11-07T00:45:46Z,0
@NotoriousWhistler,"Wow, whoever made this was a fan of Aftersun, huh?",2025-11-07T00:31:41Z,1
@ward2471,Amazing. Got me choked up,2025-11-07T00:21:40Z,0
@bsexempt5171,"I donâ€™t cry easily,butâ€¦â€¦..ğŸ˜¢ğŸ’™ğŸ‘ğŸ™ğŸ˜",2025-11-06T23:36:28Z,0
@yatsumleung8618,"Such a big contrast to the 2024 ad.

2024 ad was a bunch of women running around screaming at each other. Some say it's sisterly love. I didn't get any of it.

2025 ad: not a word was said. But the message of love is clear.",2025-11-06T23:36:27Z,1
@danielvatamanu1771,Makes me cry every single time,2025-11-06T23:10:56Z,0
@frankwoods8017,Amazing,2025-11-06T23:06:39Z,0
@Jessica1983269,Absolutely fantastic â¤â¤â¤â¤,2025-11-06T22:45:32Z,0
@DeanBentley,Best ever made,2025-11-06T22:30:24Z,0
@markjtomo,"Soon to be 49 year old with a 6 year old son, 10 year old daughter and two older sons 22 and 21. They've all seen me dance and danced with me to this tune and many others. Gen X rules all",2025-11-06T22:28:32Z,1
@BaconEggandBeans,Just brilliant and will be one of the best christmas adverts of the decade thumbs up to JL,2025-11-06T22:06:49Z,0
@terryburton1186,Snowballs you know it...,2025-11-06T22:03:29Z,0
@daciuk8,Bravo JL ğŸ‘,2025-11-06T21:59:32Z,0
@googlemailbox615,Boots is the winmer this year lads...,2025-11-06T21:54:22Z,0
@jacquelinegreen7796,They need to find a hobby to share. Then your kids open up to you when distracted. Just go fishing or something. Put time and energy in before it gets to this sorry state.,2025-11-06T21:38:49Z,0
@Mrkizzard,Aftersun..,2025-11-06T21:16:09Z,0
@Bfritter1,Amazing Ad,2025-11-06T21:12:31Z,0
@sanfordcurtis8242,"If you cried at this, youâ€™re basic.",2025-11-06T21:06:10Z,1
@Pottymus-x5o,Does absolutely nothing for me! Bring back the bear and the hare!,2025-11-06T20:41:28Z,1
@KirbyClips,This is up there for me with the Sainsbury's 1914 Christmas advert. Thank you for making something so touching for us Dads! ğŸ¥²,2025-11-06T20:30:22Z,7
@soggy73,"Wow, right in the â€˜feelsâ€™!! ğŸ¥¹
Easily the best one for me. Whoever came up with this ğŸ‘ğŸ¼ğŸ‘ğŸ¼ğŸ‘ğŸ¼",2025-11-06T20:19:28Z,0
@austinclan1308,Iâ€™m 52 Iâ€™m very lucky to have 5 sons from age 2 -17 brought a tear to my eye love my boys,2025-11-06T20:14:34Z,0
@SimGirl00,I donâ€™t get it lol,2025-11-06T20:12:18Z,1
@neilskilduff7216,Wow this has to be one of the best advertisements Iâ€™ve seen the meaning is deep,2025-11-06T19:59:20Z,0
@Lee-73,Welcome back JL ğŸ‘ŒğŸ»,2025-11-06T19:55:15Z,0
@Bobski-z4v,Such a wholesome message â¤,2025-11-06T18:43:40Z,0
@declanryan6540,Beautiful,2025-11-06T18:13:42Z,0
@CostelloPlays,"The song is called where love lives by alison limerick.
THANK ME WITH A THUMBS UP ğŸ‘",2025-11-06T18:09:03Z,1
@kimfarnan1345,What a great advertâ¤â¤â¤â¤,2025-11-06T17:44:49Z,0
@grant3933,I can't be the only one to think this is a bit....underwhelming compared to previous efforts?,2025-11-06T17:40:22Z,1
@couldrey47,Superb.,2025-11-06T17:24:13Z,0
@lesmcqueen1693,Pingers and Alison Limerick 12 inch. Top present.,2025-11-06T17:20:16Z,0
@jackhazell9999,"This is one of the most emotional videos I've seen in a long time. My dad has always been a role model for me my whole life. And having just lost his father this year, this hits even harder.",2025-11-06T16:56:10Z,62
@thisandthat1265,Just the best in years,2025-11-06T16:50:34Z,0
@dandom71,"I'm not crying, you're crying...",2025-11-06T16:47:57Z,0
@leehawkeswood4739,Is there a twist in this...? Has the father passed???,2025-11-06T16:42:22Z,0
@chelseayoung4218,Other than it being about a dad & his son does anyone actually like this advert ?..,2025-11-06T16:37:04Z,1
@Philip-q6b,Delighted to see John Lewis learn from their past mistakes...,2025-11-06T16:27:11Z,1
@Matt8619,Daddy ğŸ˜,2025-11-06T15:51:08Z,0
@brigoose7945,Lovely British white family for once. Was lovely yet heart breaking,2025-11-06T15:47:56Z,3
@trismurray,"Thank you John Lewis, a traditional family in an advert at last. I applaud you and itâ€™s restored my hope.",2025-11-06T15:46:34Z,1
@983reece,"Hits like a disco biscuit. Nostalgic, big up John Lewis..",2025-11-06T15:35:42Z,1
@Piglet88-i4d,"Iâ€™m not crying, youâ€™re cryingâ€¦.bravo John Lewis!",2025-11-06T15:26:16Z,0
@WelshWing98,Am I the only one who doesnâ€™t get it?,2025-11-06T15:24:37Z,1
@rebekahley7853,Heartbreaking,2025-11-06T15:23:14Z,0
@philheeley4094,"Love it, tear in my eye â€¦
Well done John Lewis â¤ï¸",2025-11-06T15:19:28Z,1
@jtban6341,My wife wasnt keen but i absolutely loved it !! 54 year old dad with 4 kids who at some stage did something similar with a 10 year old just turning into Kevin !! ...amazing ad !,2025-11-06T14:53:29Z,0
@danhorton771,Says the guardian through gritted teeth.,2025-11-06T14:46:25Z,3
@SanitySatireAndSong,"â¤ In tears over here! My dad and I never had a great relationship when I was a kid. I remember buying him an album for his birthday (Dire Straits' 'Money for Nothing'), and seeing how happy he was with it has stuck with me, nearly 40 years later. Now, as a dad to 3 amazing young girls, this ad speaks to my past and my future. Well done, John Lewis. Beautifully done. â¤",2025-11-06T14:44:11Z,176
@RingoKojack,Can someone re edit this with Energy Flash by joey beltram,2025-11-06T14:20:40Z,0
@dwezzh2399,FINALLY!,2025-11-06T14:17:29Z,1
@Koalatronic,I don't get it. Have they fallen out or something? Why is the child so scared?,2025-11-06T13:58:18Z,0
@GingerBoy1974,amazing,2025-11-06T13:45:02Z,0
@jonnyross86,"Yep, they got me right in the feels.",2025-11-06T13:38:00Z,0
@elgin413,"Cheesy, sentimental pap",2025-11-06T13:34:18Z,0
@bellasophiemckendree,Yes Father! RESTORE THE HEARTS OF THE FATHERS TO THEIR CHILDREN Malachi 4:6,2025-11-06T13:23:21Z,0
@sambrown6971,"I love this, cos itâ€™s so true, the dad always hands out all the presents and he will have his last. Heâ€™s being practical and clearing up and then seeâ€™s his present and then the nostalgia from this moment. I love it.",2025-11-06T13:23:10Z,0
@GreatFilmandTV3,"The mum is the character, Mel, from Family Affairs...Channel 5 soap opera",2025-11-06T13:14:04Z,0
@Lisa-Peter,"Absolutely beautiful. Well done, John Lewis â¤",2025-11-06T13:06:58Z,0
@Gamegodz76,Thatâ€™s me shopping in John Lewis this year as a thank you.,2025-11-06T13:04:53Z,0
@CassHoskins,"I might not be a dad, but my son buys me vinyl almost every year for Christmas and I love it - it's show so much thought for his old GenX mum! This advert had me in tears!",2025-11-06T12:51:07Z,1
@EtherealSunset,Well done John Lewis for a wonderful Christmas advert that brought tears to my eyes.,2025-11-06T12:30:59Z,0
@KiNgLeOnIDaStHeGrEaT,"Dads finally recieving the appreciation we were all due. What an advert, nostalgia, the past and the future. Responsibility! As a father our duty is to protect, it's what gives us meaning!",2025-11-06T12:26:17Z,6
@tommills7033,Powerful emotional just brilliant!,2025-11-06T12:21:34Z,0
@taylormartyn,Well done John Lewis.,2025-11-06T12:09:00Z,0
@macchiatomachiato,at last a decent Christmas advert!!!,2025-11-06T12:04:12Z,1
@jasonhenderson1881,This wasn't sad at all,2025-11-06T11:28:59Z,0
@unclesnakehips6810,"Dad of a wee boy who's just turned 2 here, John Lewis adverts never really got to me before, but this one has me sobbing every time I try to watch",2025-11-06T11:25:40Z,0
@MichelleGreenwood-bt8qu,Absolutely love love this.  Brought a tears to my eyea,2025-11-06T11:24:18Z,0
@esthermarcen7587,"That is xmas, thinking about others, love and respect between generations, love the add.",2025-11-06T11:16:02Z,1
@jsteere9222,Love it love it love it the look of real family Christmas NOT HOLIDAY SEASON.,2025-11-06T11:03:42Z,1
@andrewgarley1400,"Oh man, got me, heavy tears x",2025-11-06T10:48:26Z,0
@davidmcclatchey2133,Absolutely brilliant advert. It hit so many areas and seasons in life.,2025-11-06T10:46:53Z,0
@BennBanes99,Here for the comments â¤â¤â¤,2025-11-06T10:43:23Z,0
@BennBanes99,"Cannot lie. The tears came down my face, my aging fatherly face. As a Gen Xer, had ky djing days in the bars and clubs for a few years. Music has always been important to me. Now i get to hear my lad learning and playing his guitar... Fills my heart right up. Music will unite us all ...",2025-11-06T10:43:14Z,1
@johnparker8270,"If it ainâ€™t the sound factory mix then you have been bumped, just sayingâ€¦",2025-11-06T10:41:38Z,0
@EmmaTH1998,"Excuse me while I pop off and find a tissue! Great ad, positive masculinity between a father and son ğŸ’™ğŸ„ğŸ…ğŸ¼ğŸ¥‚",2025-11-06T10:37:36Z,0
@justwilly6778,John Lewis hits a home run right from the start!  Definitely my contender for 2025 best xmas advert.,2025-11-06T10:30:25Z,1
@Othersider93,"An English home, yt family and two males bonding? I am beyond shocked.",2025-11-06T10:28:19Z,1
@michael5637,"As a new dad, it's great to see us represented!",2025-11-06T10:14:43Z,0
@shaunpcd,"Wow finally an ad about a father and son. It has been so long since we have seen a positive depiction of a loving father and his son, it brought a tear to my eyes. 
It's about time men are shown like this, in a positive way. We see it in ads all the time with mothers and daughter and somewhere along the way fathers and sons were pushed out in favour of the women.",2025-11-06T10:01:38Z,1
@doglifehub,Finally - a normal advert!,2025-11-06T09:56:05Z,1
@rbgsounds1,Great advert ğŸ¥¹,2025-11-06T09:55:18Z,0
@SWORLD1991,Someone got a bit inspired by Aftersun here...,2025-11-06T09:44:52Z,0
@7quidstudio,It's wonderful,2025-11-06T09:43:18Z,0
@tingliasmr,That tune got me right away and then the transition looking at the Father/Son relationship just finished me off! Bravo John Lewis! Sending big love from a 54 year old Essex gal in Spain reliving that tune and loving the vibes! x,2025-11-06T09:40:48Z,1
@Deacan-t8u,Thanks john lewis.,2025-11-06T09:32:03Z,0
@SuperSledgePsycho,"As a father of two boys, one not far off his teenage years, this hit me in the chest a bit. What a cracking advertisement by JL. Thank you John Lewis.

Such a simple ad but will no doubt be one of my most memorable.",2025-11-06T09:27:43Z,1
@darylkane8,John Lewis take a bow brilliant ğŸ‘ŒğŸ»ğŸ‘ŒğŸ»ğŸ‘ŒğŸ»,2025-11-06T09:27:30Z,0
@EddieHowgate,Welcome back John Lewis!,2025-11-06T09:18:06Z,0
@helenport1631,"Don't care what anyone says, I absolutely loved it..... Still a tear jerker. Well done once again John Lewis, brilliant.",2025-11-06T09:15:57Z,0
@billdoor1569,"John Lewis is getting my business this year, well done.",2025-11-06T09:15:30Z,0
@OneSwitch,Nice.,2025-11-06T09:13:38Z,0
@leemurray7079,The Businesses â¤,2025-11-06T09:09:23Z,0
@CosmicBrain21,Excellent job John Lewis! Itâ€™s nice to finally see a normal family represented and especially a father!,2025-11-06T09:05:33Z,0
@markconnell,He needs to go to mucky weekender ğŸ˜„,2025-11-06T09:03:21Z,0
@alexmackenzie4913,Christmas and holding my baby son...2 amazing memories brought back to me...well made ad John Lewis...,2025-11-06T08:55:50Z,0
@sarahchapman7863,Amazing message in this advert that had me in floods of tears ğŸ˜­ - all we need is love.,2025-11-06T08:51:35Z,0
@thereadyroom,John Lewis - We ainâ€™t going brokeâ€¦,2025-11-06T08:37:36Z,0
@liamfletcher3406,ğŸ‘ğŸ¼ brilliant,2025-11-06T08:34:20Z,0
@tykotate9346,What a lovely advert. Very moving and tender. And it feels real - not like it's trying hard to be something else - just simple and real.,2025-11-06T08:19:45Z,0
@GDH1981,"Oh blimey, that got me!",2025-11-06T07:58:32Z,0
@Bill-uf6os,Guardian won't like it but what a great advert.,2025-11-06T07:49:50Z,48
@marknich1577,"Great ad, well done john lewis ğŸ‘ ğŸ‘",2025-11-06T07:34:45Z,0
@dotexe55games31,The best Christmas ad In years..fin,2025-11-06T07:12:21Z,0
@djpj9174,"Thank you John Lewis. Real family, real music, real love. The perfect Christmas ad and not an once of wokery box ticking in sight. BRAVO, take a bow!",2025-11-06T06:53:00Z,0
@Blockafellas,Just so sad that the family in this advert can't afford to put any food on the table as the far-left have destroyed the economy as usual.,2025-11-06T06:24:34Z,1
@Sean-n2m,They Get If !!!,2025-11-06T06:15:39Z,0
@Jimmyfashion_london,Was expecting to see some nonsense but surprisingly moved by a great advert! Well done John Lewis.,2025-11-06T05:46:26Z,0
@GuyverFrancis-jh6lm,"finally, and advert representing the majority of british households",2025-11-06T05:21:23Z,0
@paulmuaddib3470,"Absolutely beautiful,  it made me cry ğŸ‘ğŸ‘ğŸ‘ğŸ‘ğŸ‘",2025-11-06T04:44:03Z,0
@tobyrouse9146,Terrific save for the excessively beige John Lewis showroom interior decorationâ€¦.,2025-11-06T04:26:12Z,0
@TravelPROTrva,Brilliant,2025-11-06T03:43:11Z,0
@scottwaterman8837,What a wonderful and beautiful advert.,2025-11-06T01:57:32Z,0
@KeithApp,The one with the boxer dog on the trampoline was way better!,2025-11-06T01:54:41Z,1
@ryanOGab,"Surely this isn't this years official one, is it not John Lewis and partners",2025-11-06T01:00:09Z,0
@KJ-gc8oq,Disappointing. What has it got to do with Christmas? Dysfunctional families seek help.,2025-11-05T23:43:17Z,0
@vaughany3,That was great to watch ğŸ˜¢,2025-11-05T23:40:00Z,0
,"Great advert, what's the song?",2025-11-05T23:34:26Z,0
@anna145,Father's are everything â¤ï¸,2025-11-05T23:17:13Z,0
@robertyoung76,All of us raver dad's would go back in a flash,2025-11-05T23:16:39Z,0
@nanunanu8745,Surprised to see this on The Grauniad ?? ğŸ˜‚,2025-11-05T23:03:43Z,0
@Mkdwellar,What a great advert! Well done our father Mr John Lewis,2025-11-05T22:50:50Z,0
@ACorn0894,Why did I think he was dancing with Michael Van Gerwen??,2025-11-05T22:46:10Z,0
@Mary.Quantum426,Credit to Saatchi & Saatchi and John Lewis for one of the best Christmas ads of all time.,2025-11-05T22:42:12Z,0
@jaynesouthworthhacking8848,"I watched it for the first time this afternoon and I cried... I've just shown it to my husband who's got a swinging brick for a heart and doesn't get emotional at TV adverts like I do and even he had a tear in his eye ! We were ravers/clubbers in the early '90's and this tune certainly resonated with us and we could put ourselves in the position of the father in the advert, especially as our son lives in Japan... think it's an amazing Christmas advert... love it !",2025-11-05T22:37:04Z,1
@Rob-q7e,"Lovely advert, had me and my misses in tears ğŸ˜¢ me and my daughter was at the bus ğŸšŒ stop a few days ago.. going to hospital ğŸ¥ for stuff going on with me and I keep strong for her and my dad walked straight pass me and her and didnâ€™t even notice us and walked onâ€¦ felt like a ghost.. his son and grand daughterâ€¦ nothingğŸ˜¢ and my misses has never known her dad and her mum didnâ€™t want to know and I lost my mum to cancerğŸ˜¢ so we are just a little family but keep tight and I/we wish every person a merry Christmas ğŸ„",2025-11-05T22:32:02Z,36
@Plotting_Escape,Made me cry! â¤,2025-11-05T22:20:34Z,0
@darrenfrancesca9948,If youâ€™re moved by this then go check out the movie that inspired it - Aftersun. Proper film making with a message that stays with you. I wanna thank everyone involved in Charlotte Wellsâ€™ masterpiece ğŸ™,2025-11-05T22:14:08Z,0
@tomstorey8559,"I'm putting this out there, this is the worst Christmas ad by John Lewis for about a decade",2025-11-05T21:57:25Z,1
@melba10,This song may have been a hit in England but definitely not in some other European countries.,2025-11-05T21:50:28Z,0
@perrymetcalfe,ğŸ‡¬ğŸ‡§â¤ğŸ™,2025-11-05T21:45:15Z,0
@Orwell8425,There back ğŸ‰â¤ ğŸ‰,2025-11-05T21:44:29Z,0
@filous16,One of the best ads Iâ€™ve seen.,2025-11-05T21:43:02Z,4
@DarrenCook1898,"I would give anything to see my son again we haven't spoke in 8 years i', scared of being rejected what he might say i miss him.",2025-11-05T21:33:43Z,0
@seanspringett2914,"Well done John Lewis, none boxing ticking advert, perfect in every way",2025-11-05T21:25:35Z,0
@resellingriptide,Tosh.,2025-11-05T21:22:10Z,0
@michellehubbard3528,"Best advert yet, captured something deep and special ğŸ’š",2025-11-05T21:11:18Z,0
@matthewroberts3253,"â€˜Merry Christmas dad, thereâ€™s a couple of Mitsubishis in there too, and an 1/8th to take the edge off the comedown. Love you xâ€™",2025-11-05T21:04:16Z,593
@PeopleAdverts,"The record made him long for his single life, sadly he left and never came back. Cautionary tale really",2025-11-05T20:52:02Z,0
@dylanhastoast,"made me shed a tear, john lewis always leads the start of christmas with these â¤",2025-11-05T20:32:44Z,0
@Ben7560,â¤,2025-11-05T20:32:14Z,0
@Leehuss5582,47yro Man with a 18yr 7yr Princesses and can understand the Dads feelings about reminiscing about our time then and now their time now,2025-11-05T20:20:56Z,0
@deportallanglosaxons,"Income tax is a devolved issue in Scotland,  she can't put up Scottish taxes. GIRFUY EnglandğŸ‰ğŸ‰ğŸ˜‚ğŸ˜‚ğŸ˜‚",2025-11-05T20:19:17Z,0
@BillyLenz8899,Reminds me of Harry Chapin Cats In The Cradle ğŸ˜¢ğŸ˜¢ğŸ˜¢.,2025-11-05T20:17:08Z,0
@Om3ga_Man,"I am 45 so just missed that era of early 90's clubbing, but having 9 year old twin boys, this hit me right in the feels. Well done JL.",2025-11-05T20:10:44Z,0
@Faraday11,"Sooo beautiful, big up dads!",2025-11-05T20:07:14Z,0
@Nezzer57,"Flipping brilliant.
Best ad they've done.
Well done JLP ğŸ‘ğŸ‘ğŸ‘",2025-11-05T20:04:08Z,0
@beyondthevanishing,"Brilliant, will definitely shop there this year for Christmas. Great ad.",2025-11-05T20:03:28Z,0
@kellystephens5185,"Reminds me of the 2010 one which was also beautiful and about family, more meaningful â™¥ï¸",2025-11-05T20:00:37Z,1
@fatherdeath_4206,Amazing to finally see Dads represented in a positive light in the media!! Well done John Lewis!,2025-11-05T19:52:46Z,382
@paul3962,"Do John Lewis sell 12""vinyls?",2025-11-05T19:42:11Z,0
@GosiaKonieczna-y9e,It's not just Fathers and Sons.... It's a full family Ladies and Gentlemen!!! ( and please don't give me : they may be a patchwork one ğŸ™„ğŸ¤ª)!,2025-11-05T19:39:08Z,0
@sandracheetham4205,What a load of rubbish better to give the money to charity,2025-11-05T19:27:59Z,1
@Lukey-jy4ez,Nice â¤,2025-11-05T19:25:57Z,0
@Simon-e23,That doesn't look like any club I was going to in '91/'92. Wonder if the son was an E baby.,2025-11-05T19:21:40Z,0
@BertieRude,As a father of a son who raved hard in the 90s this hit hard. Tears streaming,2025-11-05T19:08:33Z,6
@Dannymorgan357,Love it ğŸ‘ŒğŸ¼ spot on John Lewis. You Nailed it!,2025-11-05T19:08:12Z,0
@raygeary1698,Great advert,2025-11-05T19:06:36Z,0
@tomralston6166,Absolutely brilliant,2025-11-05T19:03:54Z,0
@T8N4,More of this please ğŸ™ ğŸ˜¢ â¤,2025-11-05T19:03:23Z,2
@Treclomer,Aftersun,2025-11-05T18:58:37Z,0
@Le4befar,"Before blair and the Internet destroyed the fabric of society. 

John Lewis mourning the 90s.

Still time.......",2025-11-05T18:51:23Z,1
@charlotte_talks,Anyone who loved this needs to watch the film Aftersun that this has been inspired by,2025-11-05T18:38:48Z,0
@tomclarke8801,This is beautiful made me cry an pick up little boy an tell him I love him,2025-11-05T18:38:05Z,0
@enricopolsinelli4929,This is a Gen x Advert for Christmas.,2025-11-05T18:27:10Z,0
@andykelly9108,Absolutely brilliant.  âœŠï¸âœŠï¸,2025-11-05T18:23:44Z,0
@carolinereeve7927,"Really beautiful â¤ it put tears in my eyes, really triggered memories of my son when he was little & also my own dad who I have lost ğŸ’”",2025-11-05T18:22:42Z,2
@JasperWitt42,I cried,2025-11-05T18:21:39Z,0
@jessicastark4811,Love this,2025-11-05T18:10:07Z,0
@lugsi1,Oh wow. What a beautiful advert this year,2025-11-05T18:09:57Z,0
@Cxrxlyn.x,"Best John Lewis Christmas ad in a long, long time ğŸ",2025-11-05T18:04:55Z,22
@ReviewsWithAlex1,The world needed this advert,2025-11-05T18:01:54Z,46
@JamieTonnes-k4b,Best John Lewis Advert ğŸ‰,2025-11-05T17:56:50Z,0
@taranwiseman5409,"It isn't easy being a working class, middle aged dad in 2025. I think every one of us 40 and over can deeply appreciate this wonderful ad.",2025-11-05T17:56:26Z,0
@kevanblue,As a dad this is beautiful â¤,2025-11-05T17:43:19Z,0
@kittyroo-x4p,Thats beautiful. Made me cry. ,2025-11-05T17:37:11Z,0
@deanedgy4205,ğŸ¥² right in the feels!,2025-11-05T17:35:12Z,0
@Simonjblake,At first I thought cringe.   Then it workedâ€¦..,2025-11-05T17:31:52Z,0
@jimloogmusic9964,Wow what a powerful video,2025-11-05T17:17:07Z,0
@JonVoid37,BBC would never show this. ğŸ¤¤,2025-11-05T17:16:54Z,1
@leegrainger4520,Deep! Hard to watch and not reflect on yourself!!,2025-11-05T17:16:24Z,0
@mattrusse,Am i missing something???,2025-11-05T17:06:47Z,1
@VR-mq3jt,The Guardian journalists will be foaming at the mouth that this masterpiece doesn't feature nauseating WOKERY hahahaha! ğŸ¤£ğŸ¤£ğŸ¤£,2025-11-05T17:03:34Z,14
@treasurecompanion,Oh wow what a beautiful and  poignant advert with genuine love and nostalgia. Something we are all craving now for times like the 80â€™s and 90â€™s. Respect John Lewis . I will be purchasing from you . Thank you ğŸ‰,2025-11-05T16:57:24Z,1
@casualbreakin,Does he not own a phone/tele/computer?   Is this care in the community for an old raver?   It sucks as nostalgia,2025-11-05T16:55:22Z,0
@davidsmerdon5,Ticks one box that really matters and thankfully avoids all the ones that donâ€™t. Wonderful.,2025-11-05T16:39:38Z,34
@Mollexi,Amazing advert! Definitely the best one in a while ğŸ‘,2025-11-05T16:34:16Z,0
@dannymitchellmma,Not cried for years. Well done John Lewis ğŸ˜‚,2025-11-05T16:24:53Z,0
@RicSterling,ğŸ˜¢lovely,2025-11-05T16:23:52Z,0
@ashleyking193,Thank you John Lewis this hit hard.,2025-11-05T16:20:41Z,0
@skunner0955,As a father to young children this really made me smile,2025-11-05T16:19:12Z,0
@lwisedale,"As a 52 year old Dad with an 11 year old son, this properly got me. Well done John Lewis! You nailed it for me this year ğŸ’™ğŸ’™",2025-11-05T16:12:12Z,482
@Leemellor2706,Perfect beautiful itâ€™s everything â¤,2025-11-05T16:09:59Z,0
@bigpauliep6992,"It's November - this is the advert to boost presales; the real Christmas ad will drop in a fortnight's time and the dad in that club scenario will be leading one of those lads into a toilet cubicle for some Ukrainian style Starmer action, and it'll turn out that the son was adopted by the guy bent over the bowl who became his ""life partner."" 

See you all back here in a few weeks for the response to that one!",2025-11-05T16:08:22Z,1
@Magicspark2366,"Allebloodylluyah  lets get the wokery gone!  we have had enough BS ! Just beautiful...could this be a turning point , where folks remember what life is REALLY all about!",2025-11-05T16:07:37Z,1
@robertstaveley9418,Fabulous â¤,2025-11-05T15:59:02Z,0
@binyard1972,Fantastic refreshing christmas advert propper nostalgia,2025-11-05T15:56:34Z,11
@knight9806,"At Starmers house they're watching Adolescents for Christmas, followed by Rwandan Doctor Who.",2025-11-05T15:46:56Z,0
@ProjectEdan,Someone watched Aftersun!,2025-11-05T15:44:53Z,0
@marklynch2183,I actually started balling crying,2025-11-05T15:43:22Z,0
@lozza747,Love it ğŸ¥°,2025-11-05T15:43:03Z,0
@seanedwardfitz,"Who seen the meme where instead of getting an LP, he gets a bag of pills then it cuts to the dad at a rave? ğŸ˜‚",2025-11-05T15:32:43Z,0
@giveusanesirbobholness7199,Its beginning to look a lot like diwali. ğŸ˜® oopps sorry folks i meant christmas.,2025-11-05T15:20:43Z,0
@HerbHerb-g3q,Iâ€™m not crying you are ğŸ˜­ itâ€™s about time hard working fathers got some recognition,2025-11-05T15:19:24Z,16
@wezcrane5315,What an advert..  with fathers recognition for once and no hidden agendas. Well done John Lewis,2025-11-05T15:17:39Z,0
@laurahughes6915,Mum & daughter clearing up the table in the background - a bit stereotypical.,2025-11-05T15:04:00Z,0
@jimbob7-j7g,JL wins X-mas Ad 2025.,2025-11-05T15:03:37Z,0
@vimtorules,So we have the father and son finding it difficult to communicate in words. I get the message i just dont get Christmas.,2025-11-05T15:01:09Z,0
@rpd777,"1992 was great year on the flyers too!.  Well done JL,  am crying here... (52yo dad of 4) .....Expecting at least four old school bangers on vinyl for xmas now :)",2025-11-05T14:50:18Z,0
@mikejay8888,"Wow, a native family portrayed in an advert, who'd a thunk it, maybe pushing all the divisive nonsense isn't working after all, maybe the country is still 85% native and would like to see that represented on TV, well done John Lewis.",2025-11-05T14:47:03Z,0
@naysayer1343,We gonna pretend this isnâ€™t just a complete rip off of Aftersun,2025-11-05T14:38:42Z,0
@timbothegreat7767,Didn't think white families existed lol,2025-11-05T14:24:18Z,0
@roberthogg3740,Just brilliant music really does help make the best memories ğŸ‘ŠğŸ»ğŸ‘ŠğŸ»,2025-11-05T14:21:06Z,0
@truered4567,"Yet again John Lewis smashed the Christmas ads . Thanks, took me back. Great to see a father and his love for his son .",2025-11-05T14:18:42Z,0
@lisahall1122,So sad this was my partners funeral song. The father son relationship my son doesnâ€™t have so sad but so many amazing memories. Iâ€™ve never been so upset at an advert,2025-11-05T14:16:06Z,0
@Jenson308,Makes no sense the worst advert I've ever seen,2025-11-05T14:15:59Z,1
@jacklowe1,Simple but exactly Whatâ€™s was needed. ğŸ‘ğŸ»,2025-11-05T14:00:46Z,0
@nicolarae1306,"Have have early 90s raver parents....just hitting their 60s. The first few bars of Alison Limerick, where love lives, made me burst into tears. ğŸ˜¢",2025-11-05T14:00:03Z,26
@hello_kittycaysey1208,Huh? How is this making you cry ? I felt nothing but confusion,2025-11-05T13:53:47Z,2
@truthfactreality6814,Never felt appreciated as a father and man.  Thanks for this advert,2025-11-05T13:51:16Z,1
@marshagarrick2357,Love it,2025-11-05T13:33:41Z,0
@SEPK09,"Well done to JL for not bringing diversity into it FINALLY a worth while ad that's hits the generation, that strived for everything.",2025-11-05T13:32:10Z,1
@ElsieJoy39,Wish I understood this.....makes no sense,2025-11-05T13:25:15Z,0
@FinancialMatt,"Where would we be without John Lewis at Christmas. Absolutely nailed it, already won the best Christmas advert.",2025-11-05T13:14:03Z,2
@01mozafara,Amazing ad,2025-11-05T13:13:14Z,0
@gabryski193,"Absolute class .. the advert and the tune ,, Alison Limerick - Where Love Lives",2025-11-05T12:54:41Z,0
@minatormyth,Nail directly on the head. Thankyou for thisğŸ˜¢,2025-11-05T12:46:16Z,0
@seanmckernan5377,Class !!!!! Was bot expecting that !!!!Well done john Lewis!!!!!! Brilliant!,2025-11-05T12:41:18Z,0
@moirahyde750,I just donâ€™t get the feels from this ad personally. Sorry,2025-11-05T12:23:50Z,0
@stoy333,Beautiful,2025-11-05T12:21:21Z,0
@Christian-ju9zs,A white family for once - wow,2025-11-05T12:18:27Z,1
@dannygreen5968,Oh manâ€¦. take me back to those carefree days right now! Great advert ğŸ‘ğŸ»ğŸ‘ğŸ»ğŸ‘ğŸ»ğŸ‘ğŸ»,2025-11-05T12:07:09Z,0
@anthonyluna352,An advert where the couple isn't a white women and black guy. Truly groundbreaking stuff,2025-11-05T11:58:51Z,0
@craig709,Great ad. Donâ€™t know why itâ€™s getting hate,2025-11-05T11:57:08Z,0
@GaryWilliams-u7e,Beautiful advert,2025-11-05T11:55:24Z,0
@darrenthomas2409,Love it â¤,2025-11-05T11:45:40Z,0
@julespaints,Beautiful,2025-11-05T11:42:21Z,0
@I5T4R5,WOW â¤,2025-11-05T11:41:49Z,0
@phillpotts9047,"Lovely Ad, welcome back John Lewis ğŸ‘ğŸ‘ğŸ‘ğŸ‘ğŸ‘ğŸ‘ğŸ‘â¤ï¸â¤ï¸â¤ï¸",2025-11-05T11:39:14Z,1
@cal28kim,I was there ğŸ˜­â—â—,2025-11-05T11:38:55Z,0
@markdarby1529,"Great advert, glad they didnâ€™t do the diversity box ticking exercise while thinking of it",2025-11-05T11:30:11Z,2
@Evec-o5g,Brilliant. Got the right people on this ad this year. Well done. Powerful.,2025-11-05T11:12:26Z,0
@simonadamson9261,Itâ€™s a 10,2025-11-05T11:05:35Z,0
@terryarrow702,"My father died when I was 9 years old, Iâ€™d have given anything to have bought him a gift as I grew up ğŸ˜¢ coz he was so generous & kind",2025-11-05T11:04:29Z,68
@Sam-tx1tn,A white heterosexual couple in an advert. Well done JL. Thank you.,2025-11-05T10:59:33Z,0
@JackMeadows6322,Quality advert,2025-11-05T10:59:28Z,0
@lambchop1601,I thought Male and Pale was stale? What happened? Will we miss the 2016-2024 era?,2025-11-05T10:56:10Z,0
@Lardwhalen,"Maybe it would be better to find the words. Really shouldn't be that hard. What a selfish, inward looking society we've become. Telling someone what they mean to you is worth more than an infinite amount of John Lewis gifts.",2025-11-05T10:51:37Z,0
@InnerCityGirl1,"I really like this one...JL has got its MoJo back for sure! great advert, and very touching. â£â£â£â£â£â£",2025-11-05T10:42:57Z,0
@Aglaglagl123,"I would have thought this advert was too conservative for The Guardian?!?!?

Great advert that though.",2025-11-05T10:42:38Z,0
@Angelfoodcakex-Yz7,"This is as powerful as the Sainsbury's ad in 2014 re-enacting the Christmas truce during WW1 1914... As a 52 year old ex 90s raver, and dad of a 19 year old son who is now at university, this hits hard... Beautiful",2025-11-05T10:34:39Z,1
@beachlife2968,"I'm 100 per cent going to buy from John Lewis this year, purely because of how this advert made me feel.",2025-11-05T10:32:40Z,0
@Nicholalouise,Ouch,2025-11-05T10:31:52Z,0
@leefisher816,Omg well that tore me up,2025-11-05T10:27:24Z,0
@michaeldemetriou3043,Wonderful Christmas ğŸ„ advert. The true meaning of Christmas ğŸ„ is family â¤,2025-11-05T10:20:08Z,0
@blackporscheroadster-yw8hb,"I can relate to this about the 90s raving part as was a teenager in the early 90s, but I don't have a son, so the rest just seems a bit depressing to me. Don't like the cheesy tune either and it's not very Christmassy.",2025-11-05T10:16:20Z,0
@Lee-sv8su,Prepare for a Xmas number one from Alison Limerick great advert,2025-11-05T10:16:00Z,0
@somechrisguy,"i am 29 yr old with 2 young boys, my dad is 56 and was a raver who got me into it in my early 20's... right in the feels",2025-11-05T10:12:29Z,0
@djherbie-qx7dg,Excellent and what a massive tune â¤ğŸ¥³ğŸ¥³ğŸ¥³ğŸ¥³ğŸ¥³ğŸ¥‚ğŸ™Œ,2025-11-05T10:12:03Z,0
@MrDeltaHotel,"WOW! Absolutely LOVE this advert - it made the hairs on the back of my neck stand up as it brings back such amazing memories growing up in the early 90s dancing to Where Love Lives by Alison Limerick and a gift like this would be the perfect Christmas present for own dad. Brilliant, well done John Lewis.",2025-11-05T10:11:00Z,0
@markhartfield8186,AT LAST. â¤,2025-11-05T10:10:28Z,0
@hx7193,Dads are so important â¤â¤â¤â¤â¤â¤â¤,2025-11-05T10:10:05Z,0
@williammartyn,Well done John Lewis. This is a beaut.,2025-11-05T09:57:08Z,0
@louisehardy6125,Best yet!,2025-11-05T09:55:06Z,0
@vanthecatp3001,They knocking out old vinyl ğŸ’¿ this year then?,2025-11-05T09:52:08Z,0
@tubewayarmy1979,"Super video.
Does anyone know what Bauhaus print is on the staircase wall ?
I looked at hundreds all over the Internet..  not been able to locate it.",2025-11-05T09:51:07Z,0
@carol-anneturner6529,Captured the awkwardness of youth. JL have smashed it this year. That boy looks like could have a long careerâ€¦,2025-11-05T09:50:22Z,0
@BestDentistvietnam,â¤â¤â¤â¤â¤â¤ love it . The best British Christmas advert I have ever seen. Talk about selling the sizzle and not the the sausage. Who ever made this is a geniuses at last adverts I can enjoy again x,2025-11-05T09:46:18Z,0
@djgaz7872,"You can't buy old school vinyl at John Lewis,  just saying ğŸ˜‚",2025-11-05T09:36:52Z,2
@Fireballxyz,"Long lost dad, long lost son. With the hug, Christmas makes perfect sense.",2025-11-05T09:32:48Z,6
@neilpearce,"What a track to use, absolute classic! Talk to your kids, Dads! ğŸ˜‰",2025-11-05T09:19:50Z,0
@YvonneOldfield,Brilliant advert for many reasons..know what i mean?  Patriotismâ¤,2025-11-05T09:05:22Z,0
@tipsypittsy123,Best Christmas advert ever!,2025-11-05T09:01:52Z,0
@lemarnewell-phillips68,Are John Lewis selling vinyls,2025-11-05T08:57:24Z,0
@johndh958,At last!!!  John Lewis get it,2025-11-05T08:53:25Z,0
@MrStraightGangsta,As a dad of 4 boys who have all had their teens stolen by our broken society this hits hard,2025-11-05T08:48:32Z,0
@ChrisChandler-p8k,Best add in years. Real people can relate well done JL its motivated me to visit your store/website,2025-11-05T08:48:10Z,0
@stevebucknall1928,Love it . Best Xmas advert in years,2025-11-05T08:36:24Z,0
@WendyWendy-x5k,Wow another fantastic thought provoking ad by John Lewis made me cry ğŸ˜¢,2025-11-05T08:30:29Z,0
@joebloggs2024,Normally these adverts don't resonate with me but this was very moving ğŸ˜Š,2025-11-05T08:21:31Z,0
@samseymour6897,Very Charlotte Wells - Aftersun dance scene to under pressure,2025-11-05T08:18:20Z,0
@superthierry1,Dad the raver  vs Gen Z... ğŸ˜ ğŸ‘ğŸ¾,2025-11-05T08:03:41Z,0
@Always-Hustle,The left will hate this ad,2025-11-05T07:54:37Z,6
@eigrontopediax,Wow. I wish I can also bond with my dad like this. I'll be going home this Christmas for the first time after 7years so I'm excited.,2025-11-05T07:52:50Z,11
@DanS1,Brilliant advert â¤â¤â¤,2025-11-05T07:51:55Z,0
@TinaTurnip-o7o,Thank you John Lewis for making one of the best adverts ever. Tears in my eyes. Get this song back in the charts. Love it â¤â¤â¤â¤,2025-11-05T07:50:48Z,36
@15rich20,Surely a rip off of the last dance scene in Aftersun.,2025-11-05T07:44:38Z,0
@meandyou4198,Well done John lewis ğŸ‘,2025-11-05T07:39:19Z,0
@markanderson5438,I'm not ashamed to say I did she'd a tear ğŸ˜¢,2025-11-05T07:37:56Z,0
@traceymillum1421,Iâ€™m in absolute tears ğŸ˜­,2025-11-05T07:34:50Z,0
@Smoovindecat,Tune,2025-11-05T07:28:54Z,0
@JamesHodgson-s1h,Bonding with my son. They nailed it. I spent six months under section my son was there at my worst. Things a bit better now had Bipolar. Three year recovery ğŸ‰well done John Lewis,2025-11-05T07:27:01Z,0
@rogerdoyle1198,Getting old when I'm the Dad in the John Lewis ad ğŸ˜‚,2025-11-05T07:21:56Z,0
@mickbeckett5136,"Brilliant â¤ proper tear jerker â¤Iâ€™m a 54 yrs young Male who loves Dance Music, I hope my Dance music loving 17 yr Old Daughter does the same for me this Christmas â¤",2025-11-05T07:12:03Z,0
@paulie7777777,Iâ€™m not getting it â€¦ is the kid deaf or what â€¦,2025-11-05T07:10:50Z,0
@Markle_B,"Wow, a white family advert!",2025-11-05T07:10:26Z,1
@nikolkara7546,It's very Aftersun coded,2025-11-05T07:08:10Z,0
@laytonjames538,How on earth anyone can slander this advert is beyond me. Tell me people are downgrading without actually telling me.  Beautiful message and very well executed,2025-11-05T07:01:53Z,1
@johngreenwood62,"No politics, just love and family. Nailed it.",2025-11-05T06:53:36Z,0
@NostalgiaNintendo,Vote Green,2025-11-05T06:53:14Z,0
@davidsunderland3005,Where's the black character?,2025-11-05T06:36:36Z,0
@dvorster5646,"Very emotional,a beautiful ad!â¤",2025-11-05T06:18:40Z,0
@jamesbradley7227,â¤,2025-11-05T06:13:20Z,0
@paulr6359,any dad in their 50 s can relate.... and wasnt even that long ago. If kids could see the 90s theyd realise how badly theyve been let down. Merryxmas,2025-11-05T06:09:56Z,201
@wtf-k5i,"YESSSSSSSSSSSSS   No box ticking DEI ,Trans etc etc BS",2025-11-05T05:47:39Z,0
@MichelleVarley-s7e,ğŸ˜¢ğŸ˜¢ğŸ˜¢ love it,2025-11-05T05:29:11Z,0
@johncomerford6229,Beautiful real ! No Politics ! No Alphabet Gang !,2025-11-05T03:46:03Z,0
@DigitalLazarus,ğŸ˜¢ğŸ’,2025-11-05T03:42:22Z,0
@hp4395,"The best ad I have seen in years, get to the real soul of Christmasâ¤. Just beautiful",2025-11-05T03:30:43Z,0
@Scarlet_Soul,Honestly I thought this was going to be an advert for Alzheimer's awareness after first seeing it on the TV.,2025-11-05T03:23:05Z,1
@Missing-g3s,"Now that's a great F,king advert and I hate adverts.",2025-11-05T02:12:05Z,1
@deephouse733,They just had to have some mystery meat butchering it as well,2025-11-05T02:02:51Z,0
@deephouse733,Oh Iâ€™m sure the guardianistas will love this cringe boomer fest,2025-11-05T02:01:02Z,1
@RawwUnderGround,Looooool,2025-11-05T01:55:37Z,0
@TheBuzzer69,Brilliant! Made me cry â¤,2025-11-05T01:01:49Z,1
@C.Hughes-Lloyd,Pretty poor. ğŸ‘,2025-11-05T00:48:02Z,3
@Gary-p4u8j,After not being around my son adam for 16 yrs and not my choice or fault or blame x it just ended up that way ok  x so i had to stop being his dad x this smashed me into planet earth and i was left to cope alone  x this advert reminded me of Adam so much x  and it made me cry which i dont really do as it destroys me emotionally x cause i cant think of him anymore as much as its upsetting for me cause of how we were together x i do have a picture of us when i last saw him age 2 x i miss adam every Christmas x thank you so much john lewis for reminding me of adam x,2025-11-05T00:45:11Z,0
@suncity22001,unwoke and naturally real. It couldnâ€™t help but to be great.,2025-11-05T00:38:46Z,1
@mikeywaite5564,I don't get it.,2025-11-05T00:09:38Z,2
@Tashaditzy,Great advert,2025-11-05T00:08:20Z,1
@neillamin6150,As a father who is struggling to build a relationship with his teenage daughters this advert resonates exactly what Iâ€™m going throughâ€¦ I donâ€™t need to comment any further,2025-11-04T23:56:36Z,1
@TinkSivyer,I am NEEDING the slower version of this song. Shazam is not doing it. Perhaps they produced it special for this advert--but where can I find the whole thing?!?!,2025-11-04T23:54:43Z,0
@blackcountryaudits22,Made me cry I have an ex who has stopped me seeing my kids.,2025-11-04T23:54:28Z,0
@madmaxx7738,So deep â¤â¤ love an miss you xx,2025-11-04T23:50:54Z,0
@carldavies2005,They did it again. Absolutely spot on. ABSOLUTELY. SPOT. ON.,2025-11-04T23:47:45Z,0
@shannon.b5480,"Don't get the hype of this one. It's a cute concept and if you have teenagers it gets you in the feels. But I miss when John Lewis adverts were just simply cute characters, giving off pure Christmas vibes.",2025-11-04T23:42:39Z,1
@yourpartyuk,"Weird, you're literally showing an advert as a news story, but ignoring the ruling in the Tommy Robinson case today that has potentially huge repurcussions?",2025-11-04T23:38:17Z,0
@christinebrett4825,"Reminds me of when my kids left for University. Even though I'm a Mum, it got to me as well. Beautiful advert . You grow up so quickly, then your kids. ...   Love this",2025-11-04T23:17:16Z,1
@maggiem.1539,"Great, well done agency,  at last something real in these tough timesğŸ¤—",2025-11-04T22:59:31Z,0
@Mont2100,"If you have watched 'Aftersun' by Charlotte Wells, particularly the ending of that film, you will immediately recognise how much this advert owes to it for its own emotional heft and the aesthetic values of that achingly beautiful masterpiece.",2025-11-04T22:56:52Z,4
@mjwatson31,"Effing brilliant, love it",2025-11-04T22:40:04Z,0
@alfie_sub,Best advert ever made,2025-11-04T22:35:10Z,0
@BroadcastQueen,Wow! Finally! Just a BRILLIANT Christmas ad!  Has everything! Thank you John Lewis - loving the Dad love and the Alison Limerick chooooooooon!! ğŸ¤©,2025-11-04T22:33:41Z,1
@partyanthems5828,Simply brilliant!,2025-11-04T22:17:37Z,0
@zackl7109,Great! But isnâ€™t this just frickin Aftersun??? Get some new ideasâ€¦,2025-11-04T22:02:37Z,12
@Dianne-u6t,Love it â¤,2025-11-04T21:57:57Z,0
@rovercoupe7104,I never told my Dad I loved him and that suited both of us. M,2025-11-04T21:49:44Z,0
@DJDonnelly,Not Christmasy enough,2025-11-04T21:45:37Z,0
@ndishamkala6894,made me tear upğŸ¥¹ğŸ’•,2025-11-04T21:38:23Z,0
@iamjustherenow,Errrrâ€¦..what?? I donâ€™t get it.,2025-11-04T21:34:44Z,1
@lynettehughes4673,Brilliant ad.,2025-11-04T21:30:58Z,1
@robertford2719,Best one ive seen in years.,2025-11-04T21:30:08Z,0
@chrisgedge7328,Labyrinth has done a fairly decent job on the remix but the full Allison Limerick Classic Mix of â€œWhere Loves Livesâ€ really would have been Christmas!!!,2025-11-04T21:15:34Z,2
@tracyp107,â¤â¤,2025-11-04T21:10:13Z,0
@JayD-e2w,"always know your target audience! well done JL, well done.",2025-11-04T21:06:55Z,0
@Animalcarericky,Finally a UK advert without the mixed raced family ğŸ™„,2025-11-04T21:02:24Z,13
@IDFC_DreamTeam,Thatâ€™s nice. Well done John Lewis ğŸ«¶ğŸ¼,2025-11-04T20:59:52Z,0
@pipinellio,Yes yes! So much better JL!,2025-11-04T20:59:29Z,0
@garethroblyn,Best one they have done,2025-11-04T20:58:20Z,0
@anarawad6017,"Definitely one of the worst, haven't done a decent one for 5 or six years",2025-11-04T20:57:36Z,3
@videosceneadv,Great Advert,2025-11-04T20:54:40Z,0
@joesackbaron,"Finally, the hero paying for it all so that it can actually happen in the first place gets some love, rather than just being left with the dishes and clearing up the rubbish.",2025-11-04T20:53:49Z,0
@ruffionmcfoosball,ğŸ˜¢ğŸ˜¢,2025-11-04T20:47:53Z,0
@EmmaHilder-p2b,What a beautiful advert.,2025-11-04T20:42:48Z,3
@andybroadfield350,Would be been better with Josh winks higher state,2025-11-04T20:42:22Z,0
@bradbartlett2663,No thereâ€™s just something in my eye!,2025-11-04T20:41:25Z,0
@Annika-f8z,This is a work of art. â¤,2025-11-04T20:38:41Z,0
@fransdozy8877,Not a father myself but have many nephew's and new friends (from my nieces),2025-11-04T20:30:34Z,0
@adambradley2571,Brilliant advert - the father - son connection and the club throwback,2025-11-04T20:27:35Z,3
@MalcoDude,Best Xmas advert in as long as I can remember!!! Thank you JL,2025-11-04T20:18:53Z,1
@OliviaMoore-g2z4i,"Soggy, sentimental piffle. As usual.",2025-11-04T20:11:45Z,1
@karenunsworth7973,"Omg let's just have some jingle bells, all year round it's a point about this don't say this don't say that and now christmas just some red tinsel will do.",2025-11-04T20:08:03Z,0
@TheRayne77,Masterpiece in every way!,2025-11-04T20:02:29Z,0
@Antbcfc64,WOW â¤Well done John Lewis the best ad going â¤ğŸ‰,2025-11-04T19:59:59Z,0
@HouseClarkzonian,"Guardian, Didn't you call this advert outdated?? Yet you can still buy Vinyl. I'm sure we know what you meant. The actual representation of a White British Family",2025-11-04T19:58:30Z,0
@pgm1972,very poor effort. where is the emotion ?,2025-11-04T19:56:58Z,0
@MarcoArt-wy6hq,"Bring back the animals/ fantasy  
Christmas advents! â˜¹ï¸",2025-11-04T19:51:50Z,4
@SP-1414,Aftersun?,2025-11-04T19:44:16Z,0
@adygills5658,"Absolutely nailed it John Lewis! brought tears to my eyes, Ive no doubt there will be a few fathers feeling the same. I normally detest cheesey christmas ads but this was anything but. Ful marks.",2025-11-04T19:37:36Z,0
@user-bc3lo5yc4r,Oh wow.. emotional. Well done JL.,2025-11-04T19:36:12Z,0
@jasonclark1556,Nailed it this year just wonderful,2025-11-04T19:35:39Z,0
@natashafranklin1646,"Nice a white family 
And a dad on the scene 
A married couple 
And a happy family 
And the power of music 
ğŸ‰â¤ğŸ‰â¤ğŸ‰â¤",2025-11-04T19:31:38Z,2
@mattbee4091,YES!!!!!!! FANTASTIC!!!!!!!!! Incredible job ğŸ™Œ,2025-11-04T19:19:19Z,0
@ChrisWard-dy1lz,"Rubbish advert as always, I think John Lewis needs to learn that a Christmas advert needs to be festive",2025-11-04T19:16:33Z,2
@jayyoudeeee9096,WHITE FAMILY ON AN ADVERT??? WE ARE SO BACK,2025-11-04T19:16:12Z,13
@stephmmcbride9197,Anybody who was a teenager in 90's will absolutely love that song the way it took the dad back is exactly what the song does to me every time  I hear it.   It really struck a nerve with me and will with anybody in my age group 40+. Lovely advert. Best one I've seen in a long time,2025-11-04T19:12:44Z,31
@glenr4026,"I would of been better if you saw him on the dance floor and it showed him meeting his future wife etc,",2025-11-04T19:12:23Z,0
@JOEFINNOVIII,Amazing advert ğŸ‰ğŸ‰ğŸ‰,2025-11-04T19:11:08Z,0
@stevencooper8298,Thank you JL,2025-11-04T19:07:22Z,0
@claudiasmith5022,And they nailed it - again!,2025-11-04T19:06:24Z,0
@sandradring6265,What a wonderful Xmas videoâ€¦it made me cry. Well done John Lewis very special.ğŸŒŸğŸŒŸ,2025-11-04T19:05:30Z,0
@93raver09,"Well done John Lewis, stepped out of the box to dare to produce something different. Some won't like it! Some will love it. Too many kids don't have a father figure in there lives. Some are lucky enough to have cool ones who like rave music. 
The tabloids probably won't like they tried to shut the music down all those years ago ""evil drug pushing music"" well F**k you now it's a part of Christmas. ğŸ‰",2025-11-04T18:51:26Z,1
@SteeeV-q8t,"Why was Santa banned from Myanmar?
Because Santa ate Mymin spies.",2025-11-04T18:49:00Z,0
@glamourous1980,Omg this is just the perfect advert â¤ ğŸ˜¢,2025-11-04T18:48:23Z,0
@lindagoodswin9519,It is a nice ad but not very christmas like,2025-11-04T18:40:35Z,0
@markjordan750,OMG that was insane!!!!!!!!!!!! 'Where Love Lives' was MY JAM in the 90s! I went directly back to the club!!!!!!!!!!!!!!!!!!!! It so has to chart again!,2025-11-04T18:38:29Z,0
@TeamBobRat,"Well, the creators have seen aftersun. Masterfully done though",2025-11-04T18:38:22Z,0
@clairehoare8764,This was just what we all needed ğŸ‰,2025-11-04T18:35:54Z,0
@stevevendy5753,Glad I don't buy the guardian,2025-11-04T18:31:32Z,0
@lb1116,"Also a hot Dad, thanks John Lewis for some eye candy (sorry I had to lighten the mood) â¤ï¸ğŸ˜…ğŸ„ğŸ¥¹",2025-11-04T18:25:46Z,0
@anthonykempton1414,This advert was written for me -,2025-11-04T18:22:12Z,1
@DenisTynan,The worst Christian ad ever...best one was the fire breathing dragon a few years ago,2025-11-04T18:21:40Z,0
@NickWard-f6l,Gen x unite ...we had the best years ...Banging tune .,2025-11-04T18:19:26Z,0
@mrdee3561,"As a once single Dad who brought up two sons, I totally get this. A family rift means that I don't see my first born, 40 year old son much. Communication is definitely  the key.",2025-11-04T18:16:46Z,7
@jacob-e8c,BRILLIANT! Got me again! ğŸ¥¹ğŸ‘ŒğŸ˜,2025-11-04T18:04:16Z,3
@WDH59510,"As the father of a teenage boy, this ad speaks to me. Well played John Lewis.",2025-11-04T17:55:10Z,4
@leslieleatham4601,Awesome,2025-11-04T17:51:19Z,2
@straightouttacornwall,Old skool was the best school,2025-11-04T17:47:14Z,2
@SometimesYouJustGottaSayIt,this hits hard,2025-11-04T17:44:42Z,1
@Ab-w2b,Love this!,2025-11-04T17:39:09Z,1
@daveGraham86,Wow ğŸ¥²,2025-11-04T17:37:22Z,1
@TheGamingPile,I just don't understand what the advert is about?,2025-11-04T17:35:34Z,1
@fleece96,"Not a big fan of Christmas adverts and all that stuff, but John Lewis... offt got my heartstrings x",2025-11-04T17:29:35Z,1
@jamestaylor3836,At last a decent advert. Well done John LewisğŸ‘Œ,2025-11-04T17:28:34Z,1
@tonyg4538,Best ever JL ad and no one else is going to be able to top that ad this Xmas.,2025-11-04T17:26:37Z,70
@kaystar1844,Its great to see finally fathers being represented as a figure who also deserves love just as much as mothers. They matter tooâ¤,2025-11-04T17:20:01Z,1083
@tinamartin8890,The advert could have hit so much harder with a better song. In my opinion,2025-11-04T17:18:27Z,1
@rebeccacorrigan9142,Americans,2025-11-04T17:12:18Z,0
@ShabbaNasty,Finally a decent one! More emotional and less gimmicky,2025-11-04T17:10:18Z,0
@Paddy-p2g,CHOON!,2025-11-04T17:04:48Z,0
@paulpotter8466,Best ad ever well done,2025-11-04T17:04:02Z,0
@annac8228,Thought the ad was naff til reading the comments,2025-11-04T16:54:40Z,0
@lesgutsche6279,Beautiful. â¤,2025-11-04T16:47:15Z,1
@charlottezablocki818,Beautiful advert â¤,2025-11-04T16:46:08Z,1
@kellieb3117,Nailed it ğŸ‘ŒğŸ¼ğŸ‘ŒğŸ¼ğŸ‘ŒğŸ¼ best one yet John Lewis,2025-11-04T16:42:09Z,4
@robbymacbeath,"A strong, simple but effective message â€if you canâ€™t find the words, find the giftâ€œ. No frills advertising and John Lewis going back to the basics, at long last!  ğŸ„
Well done team, from a raver Dad with a misspent youth ğŸ˜²",2025-11-04T16:34:50Z,1
@Gaf68TV,"Excellent advert, congratulations John Lewis",2025-11-04T16:34:25Z,8
@trudig4258,That's me and my girls (friends since childhood) tune! â¤ï¸,2025-11-04T16:30:33Z,1
@glenr4026,Donâ€™t do drugs I think is the message,2025-11-04T16:29:16Z,5
@darreno2428,This is me and my son 100%. This was the tune of my raving youth. I often go into day dreams like that when listening to it. Watching this made me cry.,2025-11-04T16:25:16Z,2
@amysergenson482,This is beautiful â¤â¤,2025-11-04T16:23:28Z,0
@jonwiganrobby,I'm getting sixth sense vibes... hope I'm wrong,2025-11-04T16:22:42Z,0
@neilhastie6283,Itâ€™s a winner!!,2025-11-04T16:19:52Z,0
@ghosthorse77,"What a load of rubbish! The comments below, bots, AI, and paid comments. People I read have all said how bad it is, and I agree.",2025-11-04T16:12:07Z,2
@supermariobruvva,We all saw Aftersun,2025-11-04T16:06:08Z,0
@theromanceofwax,This mofucker made me cry my eyes out. My sons love house music just like me. Cant wait till we can experience it all together,2025-11-04T16:04:49Z,2
@markrooney3790,"Not a bad try, but still has nothing on Kevin the Carrot.ğŸ¥•",2025-11-04T16:00:58Z,2
@Philosoph-ali,Iâ€™ve got access to the kids but they donâ€™t wanna see me,2025-11-04T15:59:56Z,1
@Ftanftangfnarrr,Did the daughter buy the pills to go with it?,2025-11-04T15:55:43Z,1
@familyadventuredays1203,Research Please? Iâ€™d love to see some research how brands spending tens of millions on these Xmas adverts gets people in the store? If you shop at John Lewis you already shop there or go in for a productâ€¦ these generic brand adverts donâ€™t make me want to go shop in John Lewis. If they said we have this product and itâ€™s Â£20 cheaper then Argos Iâ€™d go in,2025-11-04T15:53:40Z,1
@sarahsselection,"Love John Lewis, dislike this advert ğŸ˜‚",2025-11-04T15:46:14Z,3
@FoxM,Definitely got inspiration from the movie Aftersun with Paul Mescal,2025-11-04T15:43:57Z,2
@pwizzle1212,This is just lifted from a scene in Aftersun.,2025-11-04T15:40:37Z,18
@roberttotten8874,I do miss my old club days but what I have now with my family/son is worth so much more. Lovely advert recognising love between a father and son â¤,2025-11-04T15:38:55Z,3
@andrewallsop7856,I thought it gave the impression he was blind ?,2025-11-04T15:37:03Z,0
@robcramlington8262,Brilliant,2025-11-04T15:29:05Z,0
@StumpyHead79,Brilliant add,2025-11-04T15:27:51Z,0
@JeremyWithers1,"This feels very heavily inspired by the film Aftersun. It's a masterpiece and if you are reading this comment, do yourself a favour and go watch it.",2025-11-04T15:26:02Z,2
@Macphisto77,Shame your newspaper completely slated it.  After reading your article you should be ashamed of yourselves.,2025-11-04T15:24:56Z,1
@yougiveloveabadname2,Best Christmas advert ever,2025-11-04T15:20:00Z,1
@danmullins890,What merch is John Lewis gonna tie in with this? Half a dove and a bottle of water gift pack? ğŸ’Š,2025-11-04T15:19:46Z,2
@francescakerr8433,My baby was born on Christmas Eve 2024. This has been the best year of my life. Itâ€™s going way to quick though. This got me â¤ï¸,2025-11-04T15:18:47Z,3
@anne-marie2407,I LOVE LOVE LOVE IT â¤â¤â¤â¤â¤,2025-11-04T15:11:41Z,0
@mattdedasc,This was great. A bit shocked to see a white British family celebrating traditional things with a very relatable story. Well done. Well done,2025-11-04T15:09:50Z,3
@Gullsz,"Whatâ€™s ya name, where ya from, wot ya on.",2025-11-04T15:06:08Z,0
@jacobrist5537,Anyone know what the blue sweater is?,2025-11-04T15:04:34Z,0
@pierre4771,Superb advert,2025-11-04T15:04:21Z,0
@AlisonMoore-x3h,What a blast from my past.  Love that this song will be everywhere now ğŸµ,2025-11-04T14:58:53Z,0
@krisgater6891,Another unrealistic cheesy advert thought up by college graduates with issues..,2025-11-04T14:55:48Z,1
@AnthonyGoodwin-hl3ft,Brilliant advert,2025-11-04T14:55:30Z,0
@dietchipsacro7077,"Brilliant advert and very relatable, I was expecting something awful after reading what  The Guardian writer Stuart Heritage wrote about it. If you can't find this moving and endearing, I actually feel sorry for you, as you have had something missing in your early and later life.",2025-11-04T14:48:31Z,3
@426john,Wow !!  A White family !,2025-11-04T14:45:57Z,4
@psrpippy,Absolutely guarantee this will be back in the charts by December.  A Christmas number 1 I hope.,2025-11-04T14:42:06Z,44
@jakkiglasgow8635,Memories  are what make cry x,2025-11-04T14:32:48Z,1
@JennaLeeAnderson,This is a fantastic ad. Well done ğŸ‰,2025-11-04T14:22:54Z,0
@CUSTARDMIKE,Middle aged white man being portrayed in a positive light! Thatâ€™s Gary Nevilleâ€™s custom John Lewis have lost.,2025-11-04T14:22:54Z,0
@BRFCBlueWhiteArmy,"LOVE THIS. 
One for the Dads
One for the lads that found love in the club and kids
We never grow out of that feeling ğŸ¶",2025-11-04T14:22:13Z,12
@blujez,"CALL THE COPS, DAD'S OFF HIS CHOPS",2025-11-04T14:11:49Z,20
@alexandrerrobinson6720,Tune ğŸ‘ŒğŸ¾ğŸ‘ŒğŸ¾ğŸ‘ŒğŸ¾ğŸ‘ŒğŸ¾,2025-11-04T14:11:27Z,1
@Coach_luciamizzoni,Absolutely love this! Probably the best ad ever watched!! Cried so much watching it! My son is 17 and my husband is such an amazing dad! He teared up too! â¤â¤â¤â¤â¤â¤â¤â¤â¤â¤â¤,2025-11-04T14:01:52Z,18
@Daz-jw9sn,Someone explain what the advert is ? Iâ€™m a dad and grandad and this tune is unreal BTW.. but Iâ€™m getting mixed feelings about it â¤,2025-11-04T13:57:13Z,0
@Daz-jw9sn,What a tune ğŸµ,2025-11-04T13:53:24Z,3
@joanne42-l55,I think is the best advert I've watched in a long time. Not just christmas advert the best advert.,2025-11-04T13:38:39Z,169
@davidhazell2129,"Best Christmas ad for a very very long time well done, John Lewis",2025-11-04T13:36:49Z,3
@3boysproud,Brilliant best house music tune EVER,2025-11-04T13:35:15Z,1
@hayleydavenport7913,"Definitely gone in on a certain audience, letâ€™s hope itâ€™s not too upsetting for a lot of children out there ğŸ˜¬ and it hits where it should ğŸ™ â€¦ merry Christmas ğŸ„",2025-11-04T13:33:54Z,2
@jah7190,Finally! A great advert â¤,2025-11-04T13:25:24Z,5
@keramccann343,I cry every year at these adverts. This year was no exception haha but I blame the pregnancyhormones too. Lovely advert,2025-11-04T13:23:27Z,0
@francescajohnston6194,It's not an ad.. it's literally ripped off aftersun?,2025-11-04T13:21:35Z,1
@aleugenio,Wow! It brought me tears... The memories that music can give us. Alison Limerick on loop during the festive season! âœŠğŸ½ğŸ’–ğŸ¶ğŸª©ğŸŒ²,2025-11-04T13:19:43Z,0
@inkeriperonius6107,Still love the Boxer doggo!,2025-11-04T13:14:55Z,0
@adeventuresuk,Well it certainly got me ğŸ™ğŸ™ğŸ™,2025-11-04T13:12:02Z,0
@se4nyboy,Well this country has pretty much killed Christmas any way as well as any other Christian holiday but the add is bad,2025-11-04T13:11:09Z,0
@Carmine_Lupertazzi,"Well done JL, I actually cried in front of my son whilst watching this. Best commercial I've seen in over a decade.  Merry Christmas x",2025-11-04T13:10:22Z,24
@georgedalton3873,Very well done John Lewis for the terrific 2025 Christmas Advert.,2025-11-04T13:06:17Z,0
@C.P-t8i,Aftersun will see you in court,2025-11-04T13:04:53Z,7
@DjJDtech,what a miserable xmas advert,2025-11-04T13:04:29Z,2
@394pjo,A very clever way of deliberately toning down the christian imagery and festivities that has always been central to all previous John Lewis Ads. And judging by the comments here it has worked a treat.,2025-11-04T13:04:17Z,0
@TheRedhot47,"Nostalgia and love, you can't go wrong with that for the Christmas period... love it â¤",2025-11-04T13:00:47Z,1
@annekathleen4498,I think it's beautiful. We need more positive images of dad's.,2025-11-04T13:00:09Z,328
@RogueWJL,"Beautiful.

Premier choice of music-one of the finest from the fabulous 1990s.",2025-11-04T12:58:31Z,0
@AsianChubbiBunni,WTH I literally used this marketing concept using an old man and all being transported in time through music.,2025-11-04T12:51:07Z,0
@pzmills,"I was too young to rave in the 90s but this song got me dancing at my desk while WFH, then the change in tempo ğŸ˜¢ - great ad!",2025-11-04T12:49:19Z,5
@TOMCATPAUL14,â¤â¤â¤â¤â¤â¤â¤â¤â¤â¤,2025-11-04T12:48:52Z,0
@benmorris697,*watches aftersun once*,2025-11-04T12:48:29Z,1
@katieprandle5613,Was amazing until whoever started singing the slowed down version.,2025-11-04T12:43:21Z,0
@Ennahdee,Ebeneezer Goode would've been a better choice,2025-11-04T12:40:44Z,2
@lockleaze,So what is the â€œofficialâ€ John Lewis Xmas ad? Because I thought it was the Angel on the tree one?,2025-11-04T12:39:58Z,0
@lesleypinnelli8819,Wow. I was in tears watching this. Really tugs on the heartstrings. Wonder if this will aid father and sons bonding?,2025-11-04T12:38:20Z,1
@DanHey08,Well done John Lewis.,2025-11-04T12:36:09Z,0
@bigmikex11,Well done John Lewis I lost my son 2017 I love this advert thank you ğŸ™‚,2025-11-04T12:34:59Z,204
@user-mi4ey6bb1e,It's Sh*t!. Tell us your creative team had no cash to spend on an advert this yr without telling usğŸ™„,2025-11-04T12:28:31Z,2
@sim-b123,I miss these days sooooo much,2025-11-04T12:28:00Z,0
@sim-b123,ğŸ˜­ğŸ˜­ğŸ˜­ğŸ˜­ğŸ˜­ğŸ˜­ğŸ˜­,2025-11-04T12:27:31Z,0
@milkand1,â¤ I'm an old dad and I feel this. Bonding over music,2025-11-04T12:25:34Z,1
@andrew12348,"""Thanks, but I've got the original pressing of this son, got a receipt?""",2025-11-04T12:22:34Z,0
@lambo6134,That one got me! Great job John Lewis,2025-11-04T12:20:16Z,0
@kaisershmoo,"OMG! I'm a 56 yr old Dad with a 15 yr old son going through a horrible separation with his Mum. My son hasn't spoken to me or seen me for almost a year. this ad just hit an absolute nerve. I used to rave back in the day and this Alison Limerick tune is my all time favourite tune. the flash backs of the son as a toddler, everything - I've been in bits watching this in bits ğŸ˜­",2025-11-04T12:15:05Z,517
@JonathanTUTOR-jp3ci,Not doing it for me. Feels too short. Not keen on the song; doesnâ€™t feel Christmassy - feels more like a birthday advertisement. The boy can always text his dad as weâ€™re not living in the 90s now.,2025-11-04T12:14:50Z,2
@JamesWynne-r6h,But John Lewis don't sell vinyl!!!,2025-11-04T12:13:14Z,0
@dazo1872,Lovely,2025-11-04T12:06:45Z,0
@Adam-em1oc,Sadly men and boys still find it tough to express their feelings ğŸ˜¢,2025-11-04T12:06:41Z,5
@JamesLee-qy1fj,"Genius 
This wins",2025-11-04T12:05:55Z,1
@Clara-ph7my,Dad dancing (my husband) is the biggest laugh in our house. Especially when rave music gets played. ''You're twistin' my melon man'. Love our Christmas with our now grown children and grand child. It is sharing life times and memories and some bloomin decent music also!,2025-11-04T12:03:40Z,2
@busterljf7662,Brilliantly made and with a genuine meaning and focus unlike the majority who just turn out the usual DEI tripe,2025-11-04T12:00:32Z,1
@TwoGenOneTeam,Probably a controversial opinion but itâ€™s not the greatest Christmas advert. I doubt John Lewis will be in the running for the â€˜best Christmas advertâ€™ this year unfortunately.,2025-11-04T11:58:53Z,8
@beckybird2156,Loved itâ€¦â€¦â¤â¤â¤,2025-11-04T11:57:36Z,0
@Timjacks01,Kids hard drive needs checking,2025-11-04T11:56:41Z,0
@Kev.Channel,One of John Lewis's best Christmas adverts so far ğŸ‘ŠğŸ¼,2025-11-04T11:53:15Z,166
@gemmi1,I don't get it,2025-11-04T11:51:37Z,1
@joaoguimaraes5430,Love it!!!!,2025-11-04T11:48:44Z,0
@JemTheWire,"Sorry, doesn't do it for me.",2025-11-04T11:47:33Z,1
@samuelsupple2105,Iâ€™m not crying youâ€™re crying ğŸ˜­ ğŸ„ â›„ï¸beautiful ad,2025-11-04T11:47:04Z,28
@JacopoGi,Loving it! Happy Xmas all,2025-11-04T11:43:11Z,0
@rh6777,The young lad is a spits of Sam Fender,2025-11-04T11:36:09Z,0
@RetroJames75,"After years of copy/paste ""child with animal/imaginary creature/let's chuck as much CGI at it"" campaigns, this one is absolutely brilliant. It really got me - the first great John Lewis Christmas advert since 2011. Back to people and simplicity. As a 50 year-old dad with an 18 year old son, I can totally relate to this.",2025-11-04T11:30:51Z,76
@johnjchapman1463,Positive masculinity and the timing couldn't be better!,2025-11-04T11:30:35Z,809
@emmacheeseman5440,What a lovely advert! Its so lovely to have an advert where fathers and sons are bonding and showing love for each other its so often overlooked in media xx,2025-11-04T11:30:35Z,97
@danieljamesmead,"As someone who thinks 'THE' scene in Aftersun is one of the most powerful, original, heart wrenching things I've ever watched, I think this advert is utterly shameless. Its wholesale ripped it off for commercial gain. Yuck.",2025-11-04T11:26:51Z,11
@QuizTimeUK,"Great advert! Music is a â€˜Time Machineâ€™, although it takes us all to some place different.",2025-11-04T11:26:04Z,0
@clarksonbarry,Christmas is more than just party and presents,2025-11-04T11:23:35Z,0
@leonardmartingeraghty5079,"No Xmas vibe for me,sorry a Big No !!!",2025-11-04T11:20:45Z,1
@maddad4291,"Finally just a lovely Christmas advert with no hidden agendas,well doneğŸ‘",2025-11-04T11:17:06Z,1
@RUSH2112RUSH,"Judging by the comments I guess I'm in the minority, and likely missing something, but I just find this advert rather depressing. 
Just for clarification I'm a man in his early 60s and have a son and daughter both in their mid 30s.",2025-11-04T11:15:32Z,4
@MG63,Alison Limerick we love you.  ğŸ‘â¤ğŸ‘  Thanks JL.,2025-11-04T11:12:15Z,8
@MixerandMrs,"How relatable, I am the oldest out of me and my bro. And have a dad who loves all 80's music (mum not so much - shes too young for all that ğŸ˜‚) we all have a record player and express as much of our history and feelings in music that we love. JL has produced a non expensive gift giving advert without theatrics and not even a major push on their stores. Its not an advert screaming john lewis and partners...its a Christmas advert that pulls at heart strings, makes you smile, makes you think.... yeah, you got it right. Followed by..... I think im getting in the mood for Christmas.... I wonder how mum and dad are? :)",2025-11-04T11:11:13Z,14
@daleingham4657,Where is the blended family?,2025-11-04T11:10:43Z,0
@Bacon0oo0,a none blended family on an advert!??! lol,2025-11-04T11:06:40Z,7
@MrAnderson321,"Finally, John Lewis hits the spot. 
Let the Christmas spirit begin! ğŸ„",2025-11-04T11:06:10Z,227
@DMacsPlace,"This is one of their best in a while and harkens back to the days when the message was simple, the song was perfect and there wasn't a lot of gimmickry or CGI in their ads. As a man in his 40s, I'm not afraid to say that the minute he started dancing to that 90s House record, I bawled. And when he 'met' his son in his club days memories, I bawled some more. 

Great work, John Lewis & Partners!",2025-11-04T10:56:38Z,11
@rafaelsays175,I must be devoid of emotionsâ€¦,2025-11-04T10:52:59Z,36
@Jayne-k1b,Fantastic wholesome British advert! Welcome back John Lewis â¤,2025-11-04T10:50:35Z,119
@cambteach7778,Oh yes!!! Great tune. Love the ad. Thank you JL.,2025-11-04T10:48:05Z,1
@yukatanchiller,For a dad with two young boys who has blasted this exact tune it is one classic emotional rollercoaster that advert. John lewis kills it with their adverts everytime.,2025-11-04T10:44:53Z,49
@davidwalterhall,"If you watched Aftersun and thought it was a bit of a downer, this could be for you.",2025-11-04T10:37:52Z,1
@squirrelscanfly2547,There is no Christmas soul in these adverts anymore. I've got zero Christmas vibes from this and I'm 47 year old dad who well remembers the 90s... You need to to get back to the drawing board John Lewis.,2025-11-04T10:37:39Z,6
@craigjenkins1674,Bring back Edgar the dragon.,2025-11-04T10:33:53Z,1
@graemehuntley2363,What an advert... unreal,2025-11-04T10:33:47Z,1
@chrisChris6969,"Absolutely done in  after watching that ğŸ˜¢ğŸ˜¢ğŸ˜¢

This is exactly my son & I , we do these things together and we both love Where love lives â¤",2025-11-04T10:33:08Z,13
@user-vh6ts9uf6c,Wow John Lewis remembered what a dad was. Refreshing.,2025-11-04T10:27:41Z,280
@AndrewA-gt4fl,Hope they are paying Charlotte Wells royalties.,2025-11-04T10:23:30Z,5
@flipdip8008,not like a.john lewis ad since buster on the trampoline but love this,2025-11-04T10:21:52Z,2
@angieshepherd2922,First one that's given me the feels since The Man on the Moon. Nice work.,2025-11-04T10:21:43Z,1
@HaTer-xs8sh,Oh how they've fallen! This was rubbish! To think John Lewis used to be the best at Christmas ads!,2025-11-04T10:21:35Z,1
@conradknightsocksknight1590,Nice but why ruin it with that awful updated version ğŸ˜•,2025-11-04T10:21:22Z,0
@thomastaylor1575,X factor style faux emotional drivel,2025-11-04T10:14:52Z,1
@wristopia4101,What's going on with that family?,2025-11-04T10:14:32Z,2
@Myth_10,Great advert. I'm 52 and was into the club thing back in the day. Lost my dad last year.,2025-11-04T10:11:46Z,9
@stephenwoodrow1334,Sorry partners....looks like another year without a bonus!,2025-11-04T10:10:34Z,2
@Sergclubclass,"Youâ€™ve absolutely nailed this , Alison Limerick is a hero to that generation and this gets you in all the feels â¤â¤ 

Ps - the music supervisor and advertising company need a pay rise ğŸ‘ğŸ‘ğŸ‘",2025-11-04T10:09:08Z,1
@TelepartyPlays,Great advert. Finally fathers get some love from John Lewis. Sons and fathers bonding is needed more than ever in the current climate.,2025-11-04T10:08:56Z,713
@Lin.J333,"Missing something ,couldn't really work out what it was about to be honest",2025-11-04T10:08:10Z,5
@pandmscarrott4212,Superb! JL do it again!ğŸ„ Goosebumps plus brought a tear to my eye. A proper ad with emotion and a real message â¤,2025-11-04T10:05:21Z,8
@jellyshoes6056,Absolutely brilliant,2025-11-04T09:59:59Z,4
@lewissaunders7328,John Lewis are definitely back on form ğŸ‘Œ,2025-11-04T09:59:58Z,1
@tazmo2237,Not very Christmassy is it? ğŸ«¤,2025-11-04T09:51:59Z,4
@peterpersonalstylist,@HMV are going to do BRILLIANT out of this advert ğŸ’¯,2025-11-04T09:50:43Z,1
@absolutebensmith,I get what they were trying to do - but it just doesn't land for me.,2025-11-04T09:46:59Z,5
@andrewshilcock2958,"For me personally this is the best advert ever, subjective maybe but it got meğŸ•ºğŸ˜¢â¤ï¸",2025-11-04T09:46:30Z,4
@ohlawddddd,"""There are no white people in adverts anymore"" ğŸ¤¡",2025-11-04T09:44:32Z,1
@seanjones180,Thinking of gb news viewers at this very difficult time,2025-11-04T09:43:27Z,1
@BrysHogan,It's terrible,2025-11-04T09:42:36Z,1
@gooner10a15,Why did they have to go and spoil a banging tune ğŸ™„,2025-11-04T09:42:01Z,1
@marianlonge3060,"AHHHH BEAUTIFUL AND THOUGHTFUL, A TRUE JOHN LEWIS ADVERT â¤â¤â¤â¤",2025-11-04T09:40:07Z,2
@QuadTheGambler,Getting worse every year,2025-11-04T09:39:26Z,6
@ThomasTaylor-u2b,So he wants Singing lessons for Christmas. Do they sell that at John Lewis?,2025-11-04T09:39:03Z,0
@GARETHFOWLER-c1f,"if people only new how hard this to watch when your sons mother took him from you some 20 years ago,",2025-11-04T09:37:17Z,9
@iSuRRendeReDuK,They forgot to add Christmas again.,2025-11-04T09:37:15Z,12
@iestyndavies7287,Yet another dud from John Lewis. When did Christmas stop being about fun?,2025-11-04T09:36:26Z,1
@elrondriel,Not surprised John Lewis turned comments off this is a really odd advert not christmasey at all,2025-11-04T09:36:10Z,12
@rosettasilvermist,First time in years the John Lewis ad has been bad!!,2025-11-04T09:35:29Z,5
@tenparkdrive,Itâ€™s a start â¤,2025-11-04T09:33:47Z,0
@campingwithstyle,Well played! Their primary target audience is the GenXers and our millennial kids who grew up with the music we were listening to. This hit me right in the feels and the message I got was that one well-thought-out gift can have a profound impact.,2025-11-04T09:33:38Z,3
@Jimboreeee,Thanks a lot John Lewis I'm crying now,2025-11-04T09:32:01Z,19
@colettestj,"I usually hate all Christmas ads, but this was like it was made especially for me. I was a raver/club goer in the 90's & this song was often played at the end of a great night. I also have a son I'd like to be closer with - it really got me.",2025-11-04T09:31:43Z,117
@mavetyan,"The problem with that dad that his poor son was in the same blue sweater from when he was baby, lol. Buy the poor guy some more clothes.",2025-11-04T09:31:37Z,35
@44stephenvaughan,Nice to see brands dump social justice and return to just a well made Ad.,2025-11-04T09:31:16Z,17
@kennymcclymont2066,Awful. Donâ€™t see this going down well.,2025-11-04T09:30:36Z,1
@zachholmes9258,"Canâ€™t wait for @samtealeproductions Christmas ad this year, proper Christmas ad like the old ones",2025-11-04T09:27:15Z,0
@mrk2K10,"Christmas ads are not supposed to make you cry, are they?",2025-11-04T09:24:43Z,8
@lorrainemckeown301,It's up there with one of the worst Christmas ads I've seen. Such a let down from JL.,2025-11-04T09:21:58Z,9
@guardiannews,John Lewis ad kickstarts Christmas countdown to the tune of 90s club classic â–º https://www.theguardian.com/media/2025/nov/04/john-lewis-christmas-advert-countdown-90s-club-classic-where-love-lives,2025-11-04T09:21:26Z,40
@lbukem4259,"I hate the sentimentality of Christmas adverts. Please don't ruin a song I associate with amazing nights out, with tear jerker Christmas mush.",2025-11-04T09:18:16Z,0
@clairduffy60,Xmas no.1?,2025-11-04T09:16:24Z,3
@sirands,"For my 50th birthday this year my  son made me a playlist of 50 songs, for every year of my lifeâ€¦ the power of music to span generations and bring a father and son together â¤",2025-11-04T09:15:13Z,383
@HelenSwims,I remember that song ğŸµ.,2025-11-04T09:13:20Z,4
@rt3455rr2,Pacing is all over the shop. Just as it started to get emotional it ended.,2025-11-04T09:12:41Z,3
@TeCoEd,"Remember Dads, love for your son is for life, not just for Christmas. â¤",2025-11-04T09:11:56Z,72
@evealex72,Great video ruined by the abomination of that â€˜where love livesâ€™ recreation ğŸ¤¢,2025-11-04T09:10:38Z,4
@MrMarkiddon,Ooof as a Dad with a 14 year old son. This got me right in the feels.,2025-11-04T09:07:27Z,228
@Graphicxtras,"Wonderful ad as ever, and a superb song as well",2025-11-04T09:07:06Z,8
@AdamJamesMagic,Nailed it!,2025-11-04T09:06:28Z,4
@OriginalSkaMan,Yeah not really christmassy,2025-11-04T09:05:40Z,7
@philcoverdale6216,Bring back edger the dragon,2025-11-04T09:03:53Z,21
@EnigmaState,Something tells me AI is all over this video.,2025-11-04T08:59:20Z,5
@andybigbs9466,Oh happy Christmas ğŸ™„,2025-11-04T08:57:42Z,5
@Dreadwyn,"Itâ€™s awful. What a complete load of nonsense. Take the Christmas tree out and itâ€™s like a particularly bad episode of Black Mirror. 
Christmas is officially dead. John Lewis just confirmed it.",2025-11-04T08:46:44Z,11
@katee87938,Worst advert theyâ€™ve done yet,2025-11-04T08:44:57Z,11
@jmcd31,Love this â¤,2025-11-04T08:36:36Z,4
@paulc180,quite depressing in my opinion.,2025-11-04T08:35:44Z,13
@petebee123,"Crying as much as I do at certain episodes of Bluey (Baby Race, Sleepytime - you know the ones ğŸ¥¹)

Fair play, JL ğŸ‘ğŸ¼",2025-11-04T08:27:39Z,8
@rosscollins8090,Didn't give me the Christmas feels. Definitely preferred some of the previous ads!,2025-11-04T08:26:34Z,63
@amandaoconnor5357,Best one theyâ€™ve ever done!,2025-11-04T08:20:28Z,9
@shilpamistry-patel6735,Perfect â¤,2025-11-04T08:19:25Z,2
@saratemp790,Real families don't usually get that sentimental. Edit - but well-directed anyway. Very chic.,2025-11-04T08:16:42Z,9
@mudstuff,"If you can't find the words, find the gift.

Not bad!",2025-11-04T08:12:40Z,4
@wiseget-g2x,The leftist Guardian reader doesnâ€™t like Christmas!,2025-11-04T08:09:47Z,14
@antoinette6126,Love,2025-11-04T08:09:20Z,2
@wriggs74,What a pile of horse manure. Being stationed in Afghanistan felt more like Christmas than this advert.,2025-11-04T08:03:46Z,12
@ea1615,"Yeah, not quite Christmassy, but i like the story. Even though i connect that particular club era of ectasy tabs and whistles.",2025-11-04T07:42:41Z,14
@221BSam,"Very topical, well executed.",2025-11-04T07:36:36Z,3
